local_time,pv_electricity,wind_electricity,total_renewable_energy
00:00:00,0.0,0.35377419354838713,0.35377419354838713
00:01:00,0.0,0.3536267025089605,0.3536267025089605
00:02:00,0.0,0.353479211469534,0.353479211469534
00:03:00,0.0,0.3533317204301075,0.3533317204301075
00:04:00,0.0,0.353184229390681,0.353184229390681
00:05:00,0.0,0.3530367383512545,0.3530367383512545
00:06:00,0.0,0.35288924731182797,0.35288924731182797
00:07:00,0.0,0.35274175627240145,0.35274175627240145
00:08:00,0.0,0.3525942652329749,0.3525942652329749
00:09:00,0.0,0.35244677419354836,0.35244677419354836
00:10:00,0.0,0.35229928315412185,0.35229928315412185
00:11:00,0.0,0.35215179211469533,0.35215179211469533
00:12:00,0.0,0.35200430107526887,0.35200430107526887
00:13:00,0.0,0.35185681003584224,0.35185681003584224
00:14:00,0.0,0.3517093189964157,0.3517093189964157
00:15:00,0.0,0.35156182795698926,0.35156182795698926
00:16:00,0.0,0.35141433691756263,0.35141433691756263
00:17:00,0.0,0.3512668458781362,0.3512668458781362
00:18:00,0.0,0.35111935483870965,0.35111935483870965
00:19:00,0.0,0.35097186379928313,0.35097186379928313
00:20:00,0.0,0.3508243727598566,0.3508243727598566
00:21:00,0.0,0.3506768817204301,0.3506768817204301
00:22:00,0.0,0.3505293906810035,0.3505293906810035
00:23:00,0.0,0.350381899641577,0.350381899641577
00:24:00,0.0,0.3502344086021505,0.3502344086021505
00:25:00,0.0,0.350086917562724,0.350086917562724
00:26:00,0.0,0.34993942652329746,0.34993942652329746
00:27:00,0.0,0.349791935483871,0.349791935483871
00:28:00,0.0,0.3496444444444445,0.3496444444444445
00:29:00,0.0,0.3494969534050179,0.3494969534050179
00:30:00,0.0,0.3493494623655914,0.3493494623655914
00:31:00,0.0,0.3492019713261649,0.3492019713261649
00:32:00,0.0,0.34905448028673836,0.34905448028673836
00:33:00,0.0,0.3489069892473118,0.3489069892473118
00:34:00,0.0,0.34875949820788527,0.34875949820788527
00:35:00,0.0,0.34861200716845875,0.34861200716845875
00:36:00,0.0,0.3484645161290323,0.3484645161290323
00:37:00,0.0,0.34831702508960566,0.34831702508960566
00:38:00,0.0,0.34816953405017914,0.34816953405017914
00:39:00,0.0,0.3480220430107527,0.3480220430107527
00:40:00,0.0,0.34787455197132616,0.34787455197132616
00:41:00,0.0,0.34772706093189965,0.34772706093189965
00:42:00,0.0,0.34757956989247313,0.34757956989247313
00:43:00,0.0,0.3474320788530466,0.3474320788530466
00:44:00,0.0,0.34728458781362004,0.34728458781362004
00:45:00,0.0,0.3471370967741935,0.3471370967741935
00:46:00,0.0,0.346989605734767,0.346989605734767
00:47:00,0.0,0.3468421146953405,0.3468421146953405
00:48:00,0.0,0.3466946236559139,0.3466946236559139
00:49:00,0.0,0.3465471326164874,0.3465471326164874
00:50:00,0.0,0.3463996415770609,0.3463996415770609
00:51:00,0.0,0.3462521505376344,0.3462521505376344
00:52:00,0.0,0.3461046594982079,0.3461046594982079
00:53:00,0.0,0.3459571684587814,0.3459571684587814
00:54:00,0.0,0.3458096774193548,0.3458096774193548
00:55:00,0.0,0.3456621863799283,0.3456621863799283
00:56:00,0.0,0.3455146953405018,0.3455146953405018
00:57:00,0.0,0.34536720430107526,0.34536720430107526
00:58:00,0.0,0.3452197132616487,0.3452197132616487
00:59:00,0.0,0.34507222222222217,0.34507222222222217
01:00:00,0.0,0.3449247311827957,0.3449247311827957
01:01:00,0.0,0.344652688172043,0.344652688172043
01:02:00,0.0,0.3443806451612903,0.3443806451612903
01:03:00,0.0,0.3441086021505376,0.3441086021505376
01:04:00,0.0,0.3438365591397849,0.3438365591397849
01:05:00,0.0,0.34356451612903227,0.34356451612903227
01:06:00,0.0,0.34329247311827954,0.34329247311827954
01:07:00,0.0,0.34302043010752686,0.34302043010752686
01:08:00,0.0,0.3427483870967742,0.3427483870967742
01:09:00,0.0,0.34247634408602146,0.34247634408602146
01:10:00,0.0,0.3422043010752688,0.3422043010752688
01:11:00,0.0,0.3419322580645161,0.3419322580645161
01:12:00,0.0,0.3416602150537634,0.3416602150537634
01:13:00,0.0,0.34138817204301075,0.34138817204301075
01:14:00,0.0,0.341116129032258,0.341116129032258
01:15:00,0.0,0.34084408602150534,0.34084408602150534
01:16:00,0.0,0.34057204301075267,0.34057204301075267
01:17:00,0.0,0.3403,0.3403
01:18:00,0.0,0.3400279569892473,0.3400279569892473
01:19:00,0.0,0.3397559139784946,0.3397559139784946
01:20:00,0.0,0.3394838709677419,0.3394838709677419
01:21:00,0.0,0.33921182795698923,0.33921182795698923
01:22:00,0.0,0.3389397849462365,0.3389397849462365
01:23:00,0.0,0.3386677419354839,0.3386677419354839
01:24:00,0.0,0.3383956989247312,0.3383956989247312
01:25:00,0.0,0.33812365591397847,0.33812365591397847
01:26:00,0.0,0.3378516129032258,0.3378516129032258
01:27:00,0.0,0.3375795698924731,0.3375795698924731
01:28:00,0.0,0.3373075268817204,0.3373075268817204
01:29:00,0.0,0.3370354838709677,0.3370354838709677
01:30:00,0.0,0.33676344086021504,0.33676344086021504
01:31:00,0.0,0.33649139784946236,0.33649139784946236
01:32:00,0.0,0.3362193548387097,0.3362193548387097
01:33:00,0.0,0.33594731182795695,0.33594731182795695
01:34:00,0.0,0.3356752688172043,0.3356752688172043
01:35:00,0.0,0.3354032258064516,0.3354032258064516
01:36:00,0.0,0.3351311827956989,0.3351311827956989
01:37:00,0.0,0.3348591397849462,0.3348591397849462
01:38:00,0.0,0.3345870967741935,0.3345870967741935
01:39:00,0.0,0.33431505376344084,0.33431505376344084
01:40:00,0.0,0.33404301075268816,0.33404301075268816
01:41:00,0.0,0.33377096774193543,0.33377096774193543
01:42:00,0.0,0.3334989247311828,0.3334989247311828
01:43:00,0.0,0.3332268817204301,0.3332268817204301
01:44:00,0.0,0.3329548387096774,0.3329548387096774
01:45:00,0.0,0.3326827956989247,0.3326827956989247
01:46:00,0.0,0.332410752688172,0.332410752688172
01:47:00,0.0,0.3321387096774193,0.3321387096774193
01:48:00,0.0,0.33186666666666664,0.33186666666666664
01:49:00,0.0,0.33159462365591397,0.33159462365591397
01:50:00,0.0,0.3313225806451613,0.3313225806451613
01:51:00,0.0,0.3310505376344086,0.3310505376344086
01:52:00,0.0,0.3307784946236559,0.3307784946236559
01:53:00,0.0,0.3305064516129032,0.3305064516129032
01:54:00,0.0,0.33023440860215053,0.33023440860215053
01:55:00,0.0,0.32996236559139785,0.32996236559139785
01:56:00,0.0,0.3296903225806451,0.3296903225806451
01:57:00,0.0,0.32941827956989245,0.32941827956989245
01:58:00,0.0,0.32914623655913977,0.32914623655913977
01:59:00,0.0,0.32887419354838704,0.32887419354838704
02:00:00,0.0,0.3286021505376344,0.3286021505376344
02:01:00,0.0,0.3283111111111111,0.3283111111111111
02:02:00,0.0,0.3280200716845878,0.3280200716845878
02:03:00,0.0,0.3277290322580645,0.3277290322580645
02:04:00,0.0,0.3274379928315412,0.3274379928315412
02:05:00,0.0,0.32714695340501787,0.32714695340501787
02:06:00,0.0,0.3268559139784946,0.3268559139784946
02:07:00,0.0,0.3265648745519713,0.3265648745519713
02:08:00,0.0,0.326273835125448,0.326273835125448
02:09:00,0.0,0.3259827956989247,0.3259827956989247
02:10:00,0.0,0.32569175627240143,0.32569175627240143
02:11:00,0.0,0.3254007168458781,0.3254007168458781
02:12:00,0.0,0.3251096774193548,0.3251096774193548
02:13:00,0.0,0.3248186379928315,0.3248186379928315
02:14:00,0.0,0.3245275985663082,0.3245275985663082
02:15:00,0.0,0.32423655913978494,0.32423655913978494
02:16:00,0.0,0.32394551971326163,0.32394551971326163
02:17:00,0.0,0.3236544802867383,0.3236544802867383
02:18:00,0.0,0.32336344086021507,0.32336344086021507
02:19:00,0.0,0.32307240143369176,0.32307240143369176
02:20:00,0.0,0.32278136200716845,0.32278136200716845
02:21:00,0.0,0.32249032258064514,0.32249032258064514
02:22:00,0.0,0.32219928315412183,0.32219928315412183
02:23:00,0.0,0.3219082437275986,0.3219082437275986
02:24:00,0.0,0.32161720430107527,0.32161720430107527
02:25:00,0.0,0.3213261648745519,0.3213261648745519
02:26:00,0.0,0.32103512544802865,0.32103512544802865
02:27:00,0.0,0.3207440860215054,0.3207440860215054
02:28:00,0.0,0.320453046594982,0.320453046594982
02:29:00,0.0,0.3201620071684588,0.3201620071684588
02:30:00,0.0,0.31987096774193546,0.31987096774193546
02:31:00,0.0,0.31957992831541215,0.31957992831541215
02:32:00,0.0,0.31928888888888884,0.31928888888888884
02:33:00,0.0,0.3189978494623656,0.3189978494623656
02:34:00,0.0,0.3187068100358423,0.3187068100358423
02:35:00,0.0,0.31841577060931897,0.31841577060931897
02:36:00,0.0,0.3181247311827957,0.3181247311827957
02:37:00,0.0,0.31783369175627235,0.31783369175627235
02:38:00,0.0,0.31754265232974904,0.31754265232974904
02:39:00,0.0,0.3172516129032258,0.3172516129032258
02:40:00,0.0,0.3169605734767025,0.3169605734767025
02:41:00,0.0,0.31666953405017917,0.31666953405017917
02:42:00,0.0,0.3163784946236559,0.3163784946236559
02:43:00,0.0,0.3160874551971326,0.3160874551971326
02:44:00,0.0,0.3157964157706093,0.3157964157706093
02:45:00,0.0,0.315505376344086,0.315505376344086
02:46:00,0.0,0.31521433691756273,0.31521433691756273
02:47:00,0.0,0.3149232974910394,0.3149232974910394
02:48:00,0.0,0.3146322580645161,0.3146322580645161
02:49:00,0.0,0.3143412186379928,0.3143412186379928
02:50:00,0.0,0.3140501792114695,0.3140501792114695
02:51:00,0.0,0.3137591397849462,0.3137591397849462
02:52:00,0.0,0.31346810035842293,0.31346810035842293
02:53:00,0.0,0.3131770609318996,0.3131770609318996
02:54:00,0.0,0.3128860215053763,0.3128860215053763
02:55:00,0.0,0.31259498207885306,0.31259498207885306
02:56:00,0.0,0.31230394265232975,0.31230394265232975
02:57:00,0.0,0.31201290322580644,0.31201290322580644
02:58:00,0.0,0.3117218637992831,0.3117218637992831
02:59:00,0.0,0.3114308243727598,0.3114308243727598
03:00:00,0.0,0.31113978494623656,0.31113978494623656
03:01:00,0.0,0.310876523297491,0.310876523297491
03:02:00,0.0,0.3106132616487455,0.3106132616487455
03:03:00,0.0,0.31035,0.31035
03:04:00,0.0,0.31008673835125444,0.31008673835125444
03:05:00,0.0,0.3098234767025089,0.3098234767025089
03:06:00,0.0,0.3095602150537634,0.3095602150537634
03:07:00,0.0,0.3092969534050179,0.3092969534050179
03:08:00,0.0,0.3090336917562724,0.3090336917562724
03:09:00,0.0,0.30877043010752686,0.30877043010752686
03:10:00,0.0,0.30850716845878134,0.30850716845878134
03:11:00,0.0,0.30824390681003583,0.30824390681003583
03:12:00,0.0,0.3079806451612903,0.3079806451612903
03:13:00,0.0,0.30771738351254474,0.30771738351254474
03:14:00,0.0,0.3074541218637993,0.3074541218637993
03:15:00,0.0,0.30719086021505376,0.30719086021505376
03:16:00,0.0,0.30692759856630825,0.30692759856630825
03:17:00,0.0,0.3066643369175627,0.3066643369175627
03:18:00,0.0,0.3064010752688172,0.3064010752688172
03:19:00,0.0,0.30613781362007164,0.30613781362007164
03:20:00,0.0,0.3058745519713261,0.3058745519713261
03:21:00,0.0,0.3056112903225806,0.3056112903225806
03:22:00,0.0,0.3053480286738351,0.3053480286738351
03:23:00,0.0,0.3050847670250896,0.3050847670250896
03:24:00,0.0,0.30482150537634406,0.30482150537634406
03:25:00,0.0,0.30455824372759854,0.30455824372759854
03:26:00,0.0,0.304294982078853,0.304294982078853
03:27:00,0.0,0.3040317204301075,0.3040317204301075
03:28:00,0.0,0.303768458781362,0.303768458781362
03:29:00,0.0,0.3035051971326165,0.3035051971326165
03:30:00,0.0,0.30324193548387096,0.30324193548387096
03:31:00,0.0,0.3029786738351254,0.3029786738351254
03:32:00,0.0,0.3027154121863799,0.3027154121863799
03:33:00,0.0,0.3024521505376344,0.3024521505376344
03:34:00,0.0,0.3021888888888889,0.3021888888888889
03:35:00,0.0,0.3019256272401433,0.3019256272401433
03:36:00,0.0,0.30166236559139786,0.30166236559139786
03:37:00,0.0,0.3013991039426523,0.3013991039426523
03:38:00,0.0,0.3011358422939068,0.3011358422939068
03:39:00,0.0,0.30087258064516126,0.30087258064516126
03:40:00,0.0,0.30060931899641574,0.30060931899641574
03:41:00,0.0,0.3003460573476702,0.3003460573476702
03:42:00,0.0,0.3000827956989247,0.3000827956989247
03:43:00,0.0,0.2998195340501792,0.2998195340501792
03:44:00,0.0,0.2995562724014337,0.2995562724014337
03:45:00,0.0,0.29929301075268816,0.29929301075268816
03:46:00,0.0,0.29902974910394264,0.29902974910394264
03:47:00,0.0,0.2987664874551971,0.2987664874551971
03:48:00,0.0,0.2985032258064516,0.2985032258064516
03:49:00,0.0,0.29823996415770604,0.29823996415770604
03:50:00,0.0,0.2979767025089605,0.2979767025089605
03:51:00,0.0,0.29771344086021506,0.29771344086021506
03:52:00,0.0,0.2974501792114695,0.2974501792114695
03:53:00,0.0,0.297186917562724,0.297186917562724
03:54:00,0.0,0.29692365591397846,0.29692365591397846
03:55:00,0.0,0.29666039426523294,0.29666039426523294
03:56:00,0.0,0.2963971326164874,0.2963971326164874
03:57:00,0.0,0.2961338709677419,0.2961338709677419
03:58:00,0.0,0.2958706093189964,0.2958706093189964
03:59:00,0.0,0.2956073476702509,0.2956073476702509
04:00:00,0.0,0.29534408602150536,0.29534408602150536
04:01:00,0.0,0.2951320788530466,0.2951320788530466
04:02:00,0.0,0.2949200716845878,0.2949200716845878
04:03:00,0.0,0.294708064516129,0.294708064516129
04:04:00,0.0,0.29449605734767026,0.29449605734767026
04:05:00,0.0,0.29428405017921144,0.29428405017921144
04:06:00,0.0,0.2940720430107527,0.2940720430107527
04:07:00,0.0,0.29386003584229387,0.29386003584229387
04:08:00,0.0,0.2936480286738351,0.2936480286738351
04:09:00,0.0,0.29343602150537634,0.29343602150537634
04:10:00,0.0,0.2932240143369175,0.2932240143369175
04:11:00,0.0,0.29301200716845877,0.29301200716845877
04:12:00,0.0,0.2928,0.2928
04:13:00,0.0,0.2925879928315412,0.2925879928315412
04:14:00,0.0,0.2923759856630824,0.2923759856630824
04:15:00,0.0,0.29216397849462367,0.29216397849462367
04:16:00,0.0,0.29195197132616485,0.29195197132616485
04:17:00,0.0,0.29173996415770603,0.29173996415770603
04:18:00,0.0,0.29152795698924727,0.29152795698924727
04:19:00,0.0,0.2913159498207885,0.2913159498207885
04:20:00,0.0,0.2911039426523297,0.2911039426523297
04:21:00,0.0,0.29089193548387093,0.29089193548387093
04:22:00,0.0,0.2906799283154122,0.2906799283154122
04:23:00,0.0,0.29046792114695336,0.29046792114695336
04:24:00,0.0,0.29025591397849465,0.29025591397849465
04:25:00,0.0,0.2900439068100358,0.2900439068100358
04:26:00,0.0,0.2898318996415771,0.2898318996415771
04:27:00,0.0,0.28961989247311826,0.28961989247311826
04:28:00,0.0,0.28940788530465944,0.28940788530465944
04:29:00,0.0,0.2891958781362007,0.2891958781362007
04:30:00,0.0,0.2889838709677419,0.2889838709677419
04:31:00,0.0,0.28877186379928316,0.28877186379928316
04:32:00,0.0,0.28855985663082434,0.28855985663082434
04:33:00,0.0,0.2883478494623656,0.2883478494623656
04:34:00,0.0,0.28813584229390676,0.28813584229390676
04:35:00,0.0,0.287923835125448,0.287923835125448
04:36:00,0.0,0.28771182795698924,0.28771182795698924
04:37:00,0.0,0.2874998207885304,0.2874998207885304
04:38:00,0.0,0.28728781362007166,0.28728781362007166
04:39:00,0.0,0.2870758064516129,0.2870758064516129
04:40:00,0.0,0.2868637992831541,0.2868637992831541
04:41:00,0.0,0.2866517921146953,0.2866517921146953
04:42:00,0.0,0.28643978494623656,0.28643978494623656
04:43:00,0.0,0.28622777777777775,0.28622777777777775
04:44:00,0.0,0.286015770609319,0.286015770609319
04:45:00,0.0,0.2858037634408602,0.2858037634408602
04:46:00,0.0,0.2855917562724014,0.2855917562724014
04:47:00,0.0,0.28537974910394265,0.28537974910394265
04:48:00,0.0,0.28516774193548383,0.28516774193548383
04:49:00,0.0,0.28495573476702507,0.28495573476702507
04:50:00,0.0,0.28474372759856625,0.28474372759856625
04:51:00,0.0,0.2845317204301075,0.2845317204301075
04:52:00,0.0,0.28431971326164873,0.28431971326164873
04:53:00,0.0,0.2841077060931899,0.2841077060931899
04:54:00,0.0,0.2838956989247312,0.2838956989247312
04:55:00,0.0,0.28368369175627234,0.28368369175627234
04:56:00,0.0,0.28347168458781363,0.28347168458781363
04:57:00,0.0,0.2832596774193548,0.2832596774193548
04:58:00,0.0,0.283047670250896,0.283047670250896
04:59:00,0.0,0.28283566308243724,0.28283566308243724
05:00:00,0.0,0.2826236559139785,0.2826236559139785
05:01:00,0.00017240143369174157,0.2822677419354839,0.2824401433691756
05:02:00,0.0003448028673834964,0.2819118279569892,0.28225663082437275
05:03:00,0.0005172043010752677,0.2815559139784946,0.2820731182795699
05:04:00,0.0006896057347670071,0.2812,0.28188960573476696
05:05:00,0.0008620071684587596,0.28084408602150535,0.28170609318996415
05:06:00,0.0010344086021505366,0.28048817204301074,0.2815225806451613
05:07:00,0.0012068100358422732,0.28013225806451614,0.2813390681003584
05:08:00,0.001379211469534031,0.2797763440860215,0.2811555555555555
05:09:00,0.001551612903225801,0.2794204301075269,0.2809720430107527
05:10:00,0.0017240143369175375,0.2790645161290322,0.28078853046594976
05:11:00,0.0018964157706092934,0.2787086021505376,0.28060501792114695
05:12:00,0.002068817204301074,0.278352688172043,0.2804215053763441
05:13:00,0.0022412186379928106,0.27799677419354835,0.2802379928315412
05:14:00,0.002413620071684569,0.27764086021505374,0.2800544802867383
05:15:00,0.002586021505376344,0.27728494623655914,0.2798709677419355
05:16:00,0.0027584229390680793,0.2769290322580645,0.27968745519713256
05:17:00,0.002930824372759831,0.2765731182795699,0.27950394265232975
05:18:00,0.0031032258064516076,0.27621720430107527,0.27932043010752683
05:19:00,0.0032756272401433437,0.2758612903225806,0.279136917562724
05:20:00,0.003448028673835102,0.275505376344086,0.2789534050179211
05:21:00,0.0036204301075268776,0.2751494623655914,0.2787698924731183
05:22:00,0.0037928315412186107,0.27479354838709674,0.27858637992831536
05:23:00,0.00396523297491037,0.27443763440860214,0.2784028673835125
05:24:00,0.00413763440860215,0.27408172043010753,0.27821935483870963
05:25:00,0.004310035842293884,0.2737258064516129,0.27803584229390677
05:26:00,0.004482437275985644,0.27336989247311827,0.2778523297491039
05:27:00,0.004654838709677416,0.27301397849462367,0.2776688172043011
05:28:00,0.004827240143369155,0.272658064516129,0.27748530465949817
05:29:00,0.00499964157706091,0.2723021505376344,0.2773017921146953
05:30:00,0.005172043010752688,0.2719462365591398,0.27711827956989243
05:31:00,0.005344444444444421,0.27159032258064514,0.27693476702508957
05:32:00,0.005516845878136182,0.27123440860215053,0.2767512544802867
05:33:00,0.005689247311827952,0.27087849462365593,0.2765677419354839
05:34:00,0.0058616487455196865,0.27052258064516127,0.27638422939068097
05:35:00,0.006034050179211446,0.27016666666666667,0.2762007168458781
05:36:00,0.00620645161290322,0.269810752688172,0.27601720430107524
05:37:00,0.006378853046594956,0.2694548387096774,0.27583369175627237
05:38:00,0.006551254480286715,0.26909892473118274,0.2756501792114695
05:39:00,0.00672365591397849,0.26874301075268814,0.2754666666666667
05:40:00,0.006896057347670226,0.26838709677419353,0.27528315412186377
05:41:00,0.007068458781361984,0.2680311827956989,0.2750996415770609
05:42:00,0.007240860215053759,0.26767526881720427,0.27491612903225804
05:43:00,0.007413261648745495,0.26731935483870967,0.2747326164874552
05:44:00,0.007585663082437251,0.266963440860215,0.2745491039426523
05:45:00,0.007758064516129027,0.2666075268817204,0.27436559139784944
05:46:00,0.007930465949820763,0.2662516129032258,0.2741820788530466
05:47:00,0.008102867383512522,0.26589569892473114,0.2739985663082437
05:48:00,0.0082752688172043,0.26553978494623653,0.27381505376344084
05:49:00,0.008447670250896037,0.26518387096774193,0.273631541218638
05:50:00,0.008620071684587793,0.26482795698924727,0.2734480286738351
05:51:00,0.008792473118279555,0.26447204301075267,0.27326451612903224
05:52:00,0.008964874551971307,0.264116129032258,0.2730810035842294
05:53:00,0.00913727598566306,0.2637602150537634,0.2728974910394265
05:54:00,0.009309677419354834,0.2634043010752688,0.27271397849462364
05:55:00,0.009482078853046567,0.26304838709677414,0.2725304659498208
05:56:00,0.009654480286738333,0.26269247311827953,0.2723469534050179
05:57:00,0.009826881720430104,0.26233655913978493,0.27216344086021504
05:58:00,0.00999928315412184,0.26198064516129027,0.2719799283154122
05:59:00,0.010171684587813595,0.26162473118279567,0.27179641577060926
06:00:00,0.010344086021505376,0.2612688172043011,0.27161290322580645
06:01:00,0.011425448028673802,0.2603611111111111,0.27178655913978494
06:02:00,0.01250681003584226,0.2594534050179211,0.2719602150537634
06:03:00,0.013588172043010736,0.25854569892473117,0.27213387096774194
06:04:00,0.014669534050179178,0.2576379928315412,0.2723075268817204
06:05:00,0.015750896057347634,0.25673028673835124,0.2724811827956989
06:06:00,0.016832258064516117,0.2558225806451613,0.27265483870967744
06:07:00,0.017913620071684552,0.25491487455197126,0.2728284946236559
06:08:00,0.01899498207885301,0.25400716845878135,0.2730021505376344
06:09:00,0.020076344086021488,0.2530994623655914,0.2731758064516129
06:10:00,0.02115770609318993,0.25219175627240137,0.2733494623655914
06:11:00,0.022239068100358382,0.2512840501792114,0.2735231182795699
06:12:00,0.023320430107526862,0.2503763440860215,0.2736967741935484
06:13:00,0.024401792114695307,0.2494686379928315,0.2738704301075269
06:14:00,0.025483154121863763,0.24856093189964157,0.2740440860215053
06:15:00,0.026564516129032253,0.2476532258064516,0.27421774193548387
06:16:00,0.02764587813620068,0.2467455197132616,0.2743913978494623
06:17:00,0.028727240143369137,0.24583781362007165,0.2745650537634408
06:18:00,0.029808602150537617,0.24493010752688174,0.27473870967741937
06:19:00,0.03088996415770606,0.24402240143369175,0.2749123655913978
06:20:00,0.03197132616487452,0.24311469534050173,0.2750860215053763
06:21:00,0.033052688172042995,0.24220698924731182,0.2752596774193548
06:22:00,0.034134050179211436,0.24129928315412183,0.2754333333333333
06:23:00,0.03521541218637989,0.24039157706093187,0.2756069892473118
06:24:00,0.03629677419354837,0.23948387096774193,0.2757806451612903
06:25:00,0.03737813620071681,0.23857616487455194,0.2759543010752688
06:26:00,0.038459498207885266,0.23766845878136197,0.27612795698924725
06:27:00,0.03954086021505374,0.23676075268817204,0.2763016129032258
06:28:00,0.040622222222222185,0.23585304659498205,0.2764752688172043
06:29:00,0.04170358422939064,0.2349453405017921,0.2766489247311828
06:30:00,0.04278494623655913,0.23403763440860215,0.2768225806451613
06:31:00,0.04386630824372756,0.23312992831541215,0.27699623655913974
06:32:00,0.04494767025089603,0.2322222222222222,0.27716989247311824
06:33:00,0.0460290322580645,0.23131451612903223,0.27734354838709674
06:34:00,0.04711039426523294,0.23040681003584224,0.27751720430107524
06:35:00,0.048191756272401395,0.2294991039426523,0.27769086021505374
06:36:00,0.04927311827956988,0.22859139784946236,0.27786451612903224
06:37:00,0.05035448028673831,0.22768369175627237,0.27803817204301073
06:38:00,0.051435842293906776,0.2267759856630824,0.2782118279569892
06:39:00,0.05251720430107525,0.22586827956989247,0.27838548387096773
06:40:00,0.05359856630824369,0.22496057347670248,0.27855913978494623
06:41:00,0.05467992831541216,0.22405286738351252,0.27873279569892473
06:42:00,0.055761290322580634,0.22314516129032255,0.27890645161290323
06:43:00,0.05684265232974907,0.22223745519713256,0.27908010752688167
06:44:00,0.057924014336917524,0.2213297491039426,0.27925376344086017
06:45:00,0.059005376344086,0.2204220430107527,0.2794274193548387
06:46:00,0.060086738351254436,0.2195143369175627,0.27960107526881717
06:47:00,0.06116810035842289,0.21860663082437273,0.27977473118279567
06:48:00,0.06224946236559138,0.21769892473118277,0.27994838709677416
06:49:00,0.06333082437275982,0.21679121863799278,0.28012204301075266
06:50:00,0.06441218637992828,0.21588351254480284,0.28029569892473116
06:51:00,0.06549354838709676,0.21497580645161288,0.28046935483870966
06:52:00,0.06657491039426519,0.2140681003584229,0.28064301075268816
06:53:00,0.06765627240143365,0.21316039426523292,0.28081666666666666
06:54:00,0.06873763440860213,0.212252688172043,0.28099032258064516
06:55:00,0.06981899641577057,0.21134498207885302,0.2811639784946236
06:56:00,0.07090035842293903,0.21043727598566306,0.2813376344086021
06:57:00,0.0719817204301075,0.2095295698924731,0.28151129032258065
06:58:00,0.07306308243727595,0.2086218637992831,0.2816849462365591
06:59:00,0.0741444444444444,0.20771415770609314,0.28185860215053765
07:00:00,0.0752258064516129,0.20680645161290323,0.2820322580645161
07:01:00,0.0774501792114695,0.20666827956989245,0.284118458781362
07:02:00,0.07967455197132613,0.2065301075268817,0.2862046594982079
07:03:00,0.08189892473118279,0.20639193548387097,0.28829086021505373
07:04:00,0.08412329749103939,0.20625376344086016,0.29037706093189963
07:05:00,0.08634767025089604,0.2061155913978494,0.2924632616487455
07:06:00,0.08857204301075268,0.2059774193548387,0.29454946236559143
07:07:00,0.09079641577060928,0.20583924731182796,0.2966356630824372
07:08:00,0.09302078853046593,0.20570107526881715,0.2987218637992831
07:09:00,0.09524516129032257,0.20556290322580642,0.300808064516129
07:10:00,0.09746953405017918,0.20542473118279567,0.3028942652329749
07:11:00,0.09969390681003582,0.2052865591397849,0.30498046594982076
07:12:00,0.10191827956989247,0.20514838709677416,0.30706666666666665
07:13:00,0.10414265232974908,0.2050102150537634,0.3091528673835125
07:14:00,0.1063670250896057,0.20487204301075265,0.3112390681003584
07:15:00,0.10859139784946235,0.20473387096774193,0.3133252688172043
07:16:00,0.11081577060931896,0.20459569892473115,0.31541146953405014
07:17:00,0.11304014336917559,0.2044575268817204,0.31749767025089604
07:18:00,0.11526451612903224,0.20431935483870967,0.31958387096774193
07:19:00,0.11748888888888885,0.20418118279569888,0.3216700716845878
07:20:00,0.11971326164874549,0.20404301075268813,0.3237562724014337
07:21:00,0.12193763440860214,0.2039048387096774,0.3258424731182796
07:22:00,0.12416200716845874,0.20376666666666665,0.3279286738351254
07:23:00,0.1263863799283154,0.2036284946236559,0.3300148745519713
07:24:00,0.12861075268817204,0.20349032258064514,0.33210107526881716
07:25:00,0.13083512544802864,0.2033521505376344,0.33418727598566306
07:26:00,0.13305949820788526,0.20321397849462364,0.3362734767025089
07:27:00,0.13528387096774191,0.20307580645161288,0.33835967741935485
07:28:00,0.13750824372759854,0.20293763440860213,0.3404458781362007
07:29:00,0.13973261648745516,0.20279946236559138,0.3425320788530466
07:30:00,0.14195698924731182,0.20266129032258065,0.3446182795698925
07:31:00,0.1441813620071684,0.20252311827956984,0.34670448028673834
07:32:00,0.14640573476702506,0.2023849462365591,0.34879068100358424
07:33:00,0.1486301075268817,0.2022467741935484,0.3508768817204301
07:34:00,0.1508544802867383,0.20210860215053758,0.352963082437276
07:35:00,0.15307885304659494,0.20197043010752683,0.3550492831541218
07:36:00,0.15530322580645162,0.2018322580645161,0.3571354838709677
07:37:00,0.1575275985663082,0.20169408602150532,0.35922168458781356
07:38:00,0.15975197132616484,0.2015559139784946,0.36130788530465946
07:39:00,0.1619763440860215,0.20141774193548384,0.3633940860215053
07:40:00,0.16420071684587811,0.2012795698924731,0.36548028673835126
07:41:00,0.16642508960573474,0.20114139784946233,0.36756648745519716
07:42:00,0.1686494623655914,0.20100322580645158,0.369652688172043
07:43:00,0.170873835125448,0.20086505376344083,0.3717388888888889
07:44:00,0.1730982078853046,0.20072688172043007,0.37382508960573474
07:45:00,0.1753225806451613,0.20058870967741935,0.37591129032258064
07:46:00,0.1775469534050179,0.20045053763440857,0.3779974910394265
07:47:00,0.1797713261648745,0.2003123655913978,0.3800836917562724
07:48:00,0.18199569892473116,0.20017419354838709,0.3821698924731183
07:49:00,0.18422007168458776,0.20003602150537633,0.3842560931899641
07:50:00,0.18644444444444444,0.19989784946236555,0.3863422939068101
07:51:00,0.18866881720430106,0.19975967741935483,0.38842849462365586
07:52:00,0.19089318996415766,0.19962150537634407,0.3905146953405018
07:53:00,0.1931175627240143,0.19948333333333332,0.39260089605734766
07:54:00,0.19534193548387097,0.19934516129032256,0.39468709677419356
07:55:00,0.19756630824372753,0.1992069892473118,0.3967732974910394
07:56:00,0.19979068100358421,0.19906881720430106,0.3988594982078853
07:57:00,0.20201505376344084,0.19893064516129033,0.40094569892473114
07:58:00,0.20423942652329746,0.19879247311827952,0.40303189964157704
07:59:00,0.2064637992831541,0.19865430107526877,0.40511810035842294
08:00:00,0.20868817204301077,0.19851612903225807,0.4072043010752688
08:01:00,0.21102473118279566,0.19891451612903222,0.40993924731182796
08:02:00,0.2133612903225806,0.19931290322580641,0.41267419354838714
08:03:00,0.2156978494623656,0.19971129032258061,0.4154091397849462
08:04:00,0.2180344086021505,0.20010967741935481,0.4181440860215054
08:05:00,0.22037096774193546,0.200508064516129,0.42087903225806456
08:06:00,0.22270752688172044,0.20090645161290324,0.4236139784946236
08:07:00,0.22504408602150536,0.2013048387096774,0.4263489247311828
08:08:00,0.22738064516129028,0.20170322580645159,0.429083870967742
08:09:00,0.22971720430107526,0.20210161290322579,0.43181881720430104
08:10:00,0.23205376344086018,0.20249999999999996,0.4345537634408602
08:11:00,0.23439032258064513,0.20289838709677416,0.4372887096774194
08:12:00,0.2367268817204301,0.20329677419354839,0.44002365591397846
08:13:00,0.23906344086021503,0.20369516129032256,0.44275860215053764
08:14:00,0.24139999999999998,0.20409354838709676,0.44549354838709676
08:15:00,0.24373655913978495,0.20449193548387096,0.4482284946236559
08:16:00,0.24607311827956987,0.20489032258064513,0.45096344086021506
08:17:00,0.2484096774193548,0.20528870967741933,0.4536983870967742
08:18:00,0.25074623655913975,0.20568709677419353,0.4564333333333333
08:19:00,0.25308279569892467,0.20608548387096773,0.4591682795698925
08:20:00,0.25541935483870964,0.2064838709677419,0.4619032258064516
08:21:00,0.2577559139784946,0.20688225806451613,0.4646381720430107
08:22:00,0.26009247311827954,0.2072806451612903,0.4673731182795699
08:23:00,0.26242903225806447,0.2076790322580645,0.470108064516129
08:24:00,0.26476559139784944,0.2080774193548387,0.47284301075268814
08:25:00,0.2671021505376344,0.20847580645161284,0.47557795698924726
08:26:00,0.26943870967741934,0.20887419354838707,0.47831290322580644
08:27:00,0.27177526881720426,0.20927258064516127,0.48104784946236556
08:28:00,0.2741118279569892,0.20967096774193547,0.4837827956989247
08:29:00,0.27644838709677416,0.21006935483870967,0.48651774193548386
08:30:00,0.27878494623655914,0.21046774193548387,0.48925268817204304
08:31:00,0.28112150537634406,0.21086612903225802,0.4919876344086021
08:32:00,0.283458064516129,0.21126451612903221,0.4947225806451613
08:33:00,0.28579462365591396,0.21166290322580641,0.49745752688172046
08:34:00,0.28813118279569894,0.21206129032258064,0.5001924731182795
08:35:00,0.29046774193548386,0.2124596774193548,0.5029274193548388
08:36:00,0.2928043010752688,0.21285806451612904,0.5056623655913978
08:37:00,0.2951408602150537,0.2132564516129032,0.508397311827957
08:38:00,0.2974774193548387,0.21365483870967739,0.5111322580645161
08:39:00,0.29981397849462366,0.21405322580645159,0.5138672043010752
08:40:00,0.3021505376344086,0.21445161290322579,0.5166021505376344
08:41:00,0.3044870967741935,0.21484999999999996,0.5193370967741935
08:42:00,0.3068236559139785,0.21524838709677416,0.5220720430107527
08:43:00,0.3091602150537634,0.21564677419354836,0.5248069892473118
08:44:00,0.3114967741935484,0.21604516129032256,0.527541935483871
08:45:00,0.3138333333333333,0.21644354838709676,0.5302768817204301
08:46:00,0.3161698924731182,0.21684193548387093,0.5330118279569893
08:47:00,0.3185064516129032,0.21724032258064513,0.5357467741935483
08:48:00,0.3208430107526882,0.21763870967741933,0.5384817204301076
08:49:00,0.3231795698924731,0.21803709677419353,0.5412166666666667
08:50:00,0.325516129032258,0.2184354838709677,0.5439516129032258
08:51:00,0.327852688172043,0.21883387096774193,0.5466865591397849
08:52:00,0.33018924731182797,0.2192322580645161,0.549421505376344
08:53:00,0.3325258064516129,0.2196306451612903,0.5521564516129032
08:54:00,0.3348623655913978,0.2200290322580645,0.5548913978494624
08:55:00,0.33719892473118274,0.2204274193548387,0.5576263440860214
08:56:00,0.3395354838709677,0.22082580645161287,0.5603612903225806
08:57:00,0.3418720430107527,0.22122419354838707,0.5630962365591398
08:58:00,0.34420860215053756,0.22162258064516127,0.5658311827956989
08:59:00,0.34654516129032253,0.22202096774193547,0.568566129032258
09:00:00,0.3488817204301075,0.22241935483870967,0.5713010752688172
09:01:00,0.35097670250896057,0.22281254480286736,0.573789247311828
09:02:00,0.3530716845878136,0.22320573476702504,0.5762774193548388
09:03:00,0.35516666666666663,0.22359892473118279,0.5787655913978494
09:04:00,0.3572616487455197,0.22399211469534047,0.5812537634408602
09:05:00,0.35935663082437275,0.22438530465949816,0.5837419354838709
09:06:00,0.3614516129032258,0.2247784946236559,0.5862301075268816
09:07:00,0.3635465949820788,0.2251716845878136,0.5887182795698924
09:08:00,0.36564157706093187,0.2255648745519713,0.5912064516129032
09:09:00,0.3677365591397849,0.22595806451612901,0.593694623655914
09:10:00,0.3698315412186379,0.22635125448028673,0.5961827956989247
09:11:00,0.371926523297491,0.22674444444444442,0.5986709677419355
09:12:00,0.3740215053763441,0.22713763440860213,0.6011591397849463
09:13:00,0.37611648745519716,0.22753082437275984,0.603647311827957
09:14:00,0.3782114695340501,0.22792401433691753,0.6061354838709677
09:15:00,0.3803064516129032,0.22831720430107527,0.6086236559139785
09:16:00,0.3824014336917563,0.22871039426523296,0.6111118279569893
09:17:00,0.38449641577060933,0.22910358422939064,0.6136
09:18:00,0.3865913978494624,0.2294967741935484,0.6160881720430107
09:19:00,0.3886863799283154,0.22988996415770607,0.6185763440860215
09:20:00,0.39078136200716845,0.23028315412186376,0.6210645161290322
09:21:00,0.3928763440860215,0.2306763440860215,0.623552688172043
09:22:00,0.3949713261648745,0.2310695340501792,0.6260408602150538
09:23:00,0.3970663082437276,0.2314627240143369,0.6285290322580646
09:24:00,0.39916129032258063,0.23185591397849462,0.6310172043010752
09:25:00,0.4012562724014337,0.2322491039426523,0.633505376344086
09:26:00,0.4033512544802867,0.23264229390681002,0.6359935483870968
09:27:00,0.40544623655913975,0.23303548387096773,0.6384817204301075
09:28:00,0.4075412186379928,0.23342867383512544,0.6409698924731183
09:29:00,0.4096362007168458,0.23382186379928313,0.6434580645161291
09:30:00,0.41173118279569887,0.23421505376344087,0.6459462365591397
09:31:00,0.413826164874552,0.23460824372759856,0.6484344086021505
09:32:00,0.41592114695340504,0.23500143369175625,0.6509225806451613
09:33:00,0.4180161290322581,0.235394623655914,0.6534107526881721
09:34:00,0.4201111111111111,0.23578781362007167,0.6558989247311827
09:35:00,0.42220609318996416,0.23618100358422936,0.6583870967741935
09:36:00,0.4243010752688172,0.2365741935483871,0.6608752688172043
09:37:00,0.4263960573476702,0.2369673835125448,0.663363440860215
09:38:00,0.4284910394265233,0.23736057347670247,0.6658516129032258
09:39:00,0.43058602150537634,0.23775376344086022,0.6683397849462366
09:40:00,0.4326810035842294,0.2381469534050179,0.6708279569892474
09:41:00,0.4347759856630824,0.23854014336917562,0.6733161290322581
09:42:00,0.43687096774193546,0.23893333333333333,0.6758043010752688
09:43:00,0.4389659498207885,0.23932652329749105,0.6782924731182796
09:44:00,0.4410609318996416,0.23971971326164873,0.6807806451612903
09:45:00,0.4431559139784946,0.24011290322580645,0.683268817204301
09:46:00,0.44525089605734763,0.2405060931899641,0.6857569892473118
09:47:00,0.4473458781362007,0.24089928315412185,0.6882451612903225
09:48:00,0.4494408602150538,0.2412924731182796,0.6907333333333334
09:49:00,0.45153584229390675,0.24168566308243725,0.6932215053763441
09:50:00,0.45363082437275987,0.24207885304659496,0.6957096774193547
09:51:00,0.4557258064516129,0.2424720430107527,0.6981978494623656
09:52:00,0.45782078853046587,0.2428652329749104,0.7006860215053763
09:53:00,0.459915770609319,0.24325842293906808,0.7031741935483872
09:54:00,0.46201075268817204,0.24365161290322582,0.7056623655913978
09:55:00,0.4641057347670251,0.24404480286738348,0.7081505376344086
09:56:00,0.4662007168458781,0.24443799283154122,0.7106387096774194
09:57:00,0.46829569892473116,0.2448311827956989,0.7131268817204302
09:58:00,0.4703906810035842,0.2452243727598566,0.7156150537634408
09:59:00,0.4724856630824373,0.24561756272401433,0.7181032258064516
10:00:00,0.47458064516129034,0.24601075268817205,0.7205913978494624
10:01:00,0.4761173835125448,0.24618207885304658,0.7222994623655914
10:02:00,0.47765412186379924,0.2463534050179211,0.7240075268817204
10:03:00,0.47919086021505375,0.2465247311827957,0.7257155913978495
10:04:00,0.48072759856630826,0.24669605734767022,0.7274236559139785
10:05:00,0.4822643369175627,0.2468673835125448,0.7291317204301075
10:06:00,0.48380107526881716,0.24703870967741934,0.7308397849462365
10:07:00,0.4853378136200717,0.2472100358422939,0.7325478494623655
10:08:00,0.4868745519713262,0.24738136200716843,0.7342559139784945
10:09:00,0.4884112903225806,0.24755268817204298,0.7359639784946236
10:10:00,0.4899480286738351,0.24772401433691754,0.7376720430107526
10:11:00,0.49148476702508964,0.24789534050179207,0.7393801075268817
10:12:00,0.4930215053763441,0.24806666666666666,0.7410881720430107
10:13:00,0.49455824372759855,0.2482379928315412,0.7427962365591397
10:14:00,0.49609498207885305,0.24840931899641577,0.7445043010752689
10:15:00,0.4976317204301075,0.2485806451612903,0.7462123655913979
10:16:00,0.49916845878136196,0.24875197132616486,0.747920430107527
10:17:00,0.5007051971326164,0.2489232974910394,0.749628494623656
10:18:00,0.502241935483871,0.24909462365591398,0.751336559139785
10:19:00,0.5037786738351254,0.2492659498207885,0.7530446236559141
10:20:00,0.5053154121863799,0.24943727598566304,0.7547526881720429
10:21:00,0.5068521505376344,0.24960860215053762,0.756460752688172
10:22:00,0.5083888888888889,0.24977992831541218,0.7581688172043011
10:23:00,0.5099256272401433,0.2499512544802867,0.7598768817204301
10:24:00,0.5114623655913979,0.2501225806451613,0.7615849462365591
10:25:00,0.5129991039426524,0.2502939068100358,0.7632930107526882
10:26:00,0.5145358422939068,0.25046523297491036,0.7650010752688172
10:27:00,0.5160725806451614,0.25063655913978494,0.7667091397849463
10:28:00,0.5176093189964158,0.2508078853046595,0.7684172043010753
10:29:00,0.5191460573476703,0.250979211469534,0.7701252688172043
10:30:00,0.5206827956989247,0.2511505376344086,0.7718333333333334
10:31:00,0.5222195340501792,0.2513218637992831,0.7735413978494624
10:32:00,0.5237562724014337,0.2514931899641577,0.7752494623655914
10:33:00,0.5252930107526882,0.25166451612903223,0.7769575268817205
10:34:00,0.5268297491039426,0.25183584229390676,0.7786655913978494
10:35:00,0.5283664874551971,0.25200716845878135,0.7803736559139784
10:36:00,0.5299032258064515,0.25217849462365594,0.7820817204301075
10:37:00,0.5314399641577061,0.2523498207885304,0.7837897849462365
10:38:00,0.5329767025089606,0.252521146953405,0.7854978494623656
10:39:00,0.534513440860215,0.2526924731182796,0.7872059139784946
10:40:00,0.5360501792114695,0.2528637992831541,0.7889139784946236
10:41:00,0.537586917562724,0.25303512544802864,0.7906220430107527
10:42:00,0.5391236559139785,0.2532064516129032,0.7923301075268817
10:43:00,0.5406603942652329,0.25337777777777776,0.7940381720430107
10:44:00,0.5421971326164874,0.2535491039426523,0.7957462365591398
10:45:00,0.543733870967742,0.2537204301075269,0.7974543010752688
10:46:00,0.5452706093189964,0.2538917562724014,0.7991623655913979
10:47:00,0.5468073476702509,0.25406308243727593,0.8008704301075268
10:48:00,0.5483440860215054,0.2542344086021505,0.8025784946236558
10:49:00,0.5498808243727599,0.25440573476702505,0.8042865591397849
10:50:00,0.5514175627240143,0.25457706093189963,0.8059946236559139
10:51:00,0.5529543010752688,0.25474838709677416,0.8077026881720429
10:52:00,0.5544910394265233,0.2549197132616487,0.809410752688172
10:53:00,0.5560277777777778,0.2550910394265233,0.811118817204301
10:54:00,0.5575645161290322,0.25526236559139787,0.8128268817204302
10:55:00,0.5591012544802868,0.25543369175627234,0.8145349462365592
10:56:00,0.5606379928315413,0.2556050179211469,0.8162430107526882
10:57:00,0.5621747311827957,0.2557763440860215,0.8179510752688173
10:58:00,0.5637114695340502,0.25594767025089604,0.8196591397849463
10:59:00,0.5652482078853047,0.2561189964157706,0.8213672043010753
11:00:00,0.5667849462365592,0.25629032258064516,0.8230752688172044
11:01:00,0.5675064516129033,0.25643243727598564,0.8239388888888889
11:02:00,0.5682279569892473,0.2565745519713261,0.8248025089605734
11:03:00,0.5689494623655914,0.25671666666666665,0.8256661290322581
11:04:00,0.5696709677419355,0.2568587813620071,0.8265297491039426
11:05:00,0.5703924731182796,0.25700089605734766,0.8273933691756272
11:06:00,0.5711139784946236,0.2571430107526882,0.8282569892473118
11:07:00,0.5718354838709677,0.2572851254480287,0.8291206093189963
11:08:00,0.5725569892473118,0.25742724014336915,0.8299842293906811
11:09:00,0.5732784946236559,0.2575693548387097,0.8308478494623656
11:10:00,0.574,0.25771146953405016,0.8317114695340502
11:11:00,0.5747215053763441,0.25785358422939064,0.8325750896057348
11:12:00,0.5754430107526881,0.2579956989247312,0.8334387096774193
11:13:00,0.5761645161290323,0.25813781362007165,0.8343023297491039
11:14:00,0.5768860215053763,0.25827992831541213,0.8351659498207885
11:15:00,0.5776075268817205,0.25842204301075267,0.8360295698924731
11:16:00,0.5783290322580645,0.25856415770609315,0.8368931899641577
11:17:00,0.5790505376344086,0.2587062724014337,0.8377568100358423
11:18:00,0.5797720430107527,0.2588483870967742,0.8386204301075268
11:19:00,0.5804935483870968,0.2589905017921147,0.8394840501792115
11:20:00,0.5812150537634408,0.25913261648745517,0.8403476702508961
11:21:00,0.5819365591397849,0.2592747311827957,0.8412112903225807
11:22:00,0.582658064516129,0.2594168458781362,0.8420749103942653
11:23:00,0.5833795698924731,0.2595589605734767,0.8429385304659498
11:24:00,0.5841010752688172,0.2597010752688172,0.8438021505376344
11:25:00,0.5848225806451613,0.2598431899641577,0.844665770609319
11:26:00,0.5855440860215053,0.25998530465949815,0.8455293906810035
11:27:00,0.5862655913978495,0.2601274193548387,0.8463930107526882
11:28:00,0.5869870967741935,0.26026953405017916,0.8472566308243727
11:29:00,0.5877086021505377,0.2604116487455197,0.8481202508960574
11:30:00,0.5884301075268816,0.26055376344086023,0.848983870967742
11:31:00,0.5891516129032258,0.2606958781362007,0.8498474910394265
11:32:00,0.5898731182795699,0.2608379928315412,0.8507111111111112
11:33:00,0.590594623655914,0.2609801075268817,0.8515747311827957
11:34:00,0.591316129032258,0.2611222222222222,0.8524383512544804
11:35:00,0.5920376344086021,0.26126433691756273,0.8533019713261649
11:36:00,0.5927591397849462,0.2614064516129032,0.8541655913978494
11:37:00,0.5934806451612903,0.2615485663082437,0.8550292114695341
11:38:00,0.5942021505376344,0.26169068100358417,0.8558928315412186
11:39:00,0.5949236559139784,0.2618327956989247,0.8567564516129031
11:40:00,0.5956451612903225,0.2619749103942652,0.8576200716845879
11:41:00,0.5963666666666667,0.2621170250896057,0.8584836917562724
11:42:00,0.5970881720430107,0.26225913978494625,0.8593473118279569
11:43:00,0.5978096774193549,0.2624012544802867,0.8602109318996416
11:44:00,0.5985311827956988,0.2625433691756272,0.8610745519713261
11:45:00,0.599252688172043,0.26268548387096774,0.8619381720430108
11:46:00,0.5999741935483871,0.2628275985663082,0.8628017921146953
11:47:00,0.6006956989247312,0.26296971326164875,0.8636654121863798
11:48:00,0.6014172043010753,0.26311182795698923,0.8645290322580645
11:49:00,0.6021387096774193,0.2632539426523297,0.865392652329749
11:50:00,0.6028602150537634,0.26339605734767024,0.8662562724014338
11:51:00,0.6035817204301075,0.2635381720430107,0.8671198924731183
11:52:00,0.6043032258064517,0.2636802867383512,0.8679835125448028
11:53:00,0.6050247311827956,0.26382240143369173,0.8688471326164875
11:54:00,0.6057462365591398,0.26396451612903227,0.869710752688172
11:55:00,0.6064677419354838,0.26410663082437275,0.8705743727598566
11:56:00,0.607189247311828,0.2642487455197132,0.8714379928315412
11:57:00,0.6079107526881721,0.26439086021505376,0.8723016129032257
11:58:00,0.6086322580645162,0.26453297491039424,0.8731652329749104
11:59:00,0.6093537634408602,0.26467508960573477,0.874028853046595
12:00:00,0.6100752688172043,0.26481720430107525,0.8748924731182796
12:01:00,0.6100675627240143,0.2650827956989247,0.875150358422939
12:02:00,0.6100598566308243,0.26534838709677416,0.8754082437275985
12:03:00,0.6100521505376344,0.26561397849462365,0.875666129032258
12:04:00,0.6100444444444444,0.2658795698924731,0.8759240143369176
12:05:00,0.6100367383512545,0.26614516129032256,0.876181899641577
12:06:00,0.6100290322580645,0.26641075268817205,0.8764397849462365
12:07:00,0.6100213261648746,0.2666763440860215,0.8766976702508961
12:08:00,0.6100136200716846,0.26694193548387096,0.8769555555555555
12:09:00,0.6100059139784947,0.26720752688172045,0.877213440860215
12:10:00,0.6099982078853047,0.2674731182795699,0.8774713261648746
12:11:00,0.6099905017921147,0.26773870967741936,0.8777292114695341
12:12:00,0.6099827956989248,0.2680043010752688,0.8779870967741935
12:13:00,0.6099750896057348,0.2682698924731183,0.878244982078853
12:14:00,0.6099673835125449,0.2685354838709677,0.8785028673835126
12:15:00,0.6099596774193549,0.2688010752688172,0.878760752688172
12:16:00,0.6099519713261649,0.2690666666666667,0.8790186379928315
12:17:00,0.609944265232975,0.2693322580645161,0.8792765232974911
12:18:00,0.609936559139785,0.2695978494623656,0.8795344086021506
12:19:00,0.6099288530465949,0.269863440860215,0.87979229390681
12:20:00,0.609921146953405,0.27012903225806445,0.8800501792114696
12:21:00,0.609913440860215,0.270394623655914,0.8803080645161291
12:22:00,0.609905734767025,0.2706602150537634,0.8805659498207885
12:23:00,0.6098980286738351,0.2709258064516129,0.880823835125448
12:24:00,0.6098903225806451,0.2711913978494624,0.8810817204301076
12:25:00,0.6098826164874551,0.27145698924731176,0.8813396057347671
12:26:00,0.6098749103942652,0.2717225806451613,0.8815974910394265
12:27:00,0.6098672043010752,0.27198817204301073,0.8818553763440861
12:28:00,0.6098594982078853,0.27225376344086016,0.8821132616487456
12:29:00,0.6098517921146953,0.27251935483870965,0.8823711469534051
12:30:00,0.6098440860215054,0.27278494623655913,0.8826290322580645
12:31:00,0.6098363799283154,0.2730505376344086,0.8828869175627241
12:32:00,0.6098286738351255,0.27331612903225805,0.8831448028673836
12:33:00,0.6098209677419355,0.27358172043010753,0.883402688172043
12:34:00,0.6098132616487455,0.27384731182795696,0.8836605734767026
12:35:00,0.6098055555555556,0.2741129032258064,0.8839184587813621
12:36:00,0.6097978494623656,0.2743784946236559,0.8841763440860216
12:37:00,0.6097901433691757,0.27464408602150536,0.884434229390681
12:38:00,0.6097824372759857,0.2749096774193548,0.8846921146953405
12:39:00,0.6097747311827957,0.27517526881720433,0.8849499999999999
12:40:00,0.6097670250896058,0.27544086021505376,0.8852078853046594
12:41:00,0.6097593189964158,0.2757064516129032,0.885465770609319
12:42:00,0.6097516129032258,0.2759720430107527,0.8857236559139785
12:43:00,0.6097439068100359,0.2762376344086021,0.8859815412186379
12:44:00,0.6097362007168459,0.2765032258064516,0.8862394265232975
12:45:00,0.6097284946236559,0.2767688172043011,0.886497311827957
12:46:00,0.609720788530466,0.2770344086021505,0.8867551971326164
12:47:00,0.609713082437276,0.2773,0.887013082437276
12:48:00,0.609705376344086,0.2775655913978494,0.8872709677419355
12:49:00,0.609697670250896,0.2778311827956989,0.887528853046595
12:50:00,0.609689964157706,0.27809677419354834,0.8877867383512544
12:51:00,0.6096822580645161,0.2783623655913978,0.888044623655914
12:52:00,0.6096745519713261,0.2786279569892473,0.8883025089605735
12:53:00,0.6096668458781361,0.27889354838709673,0.8885603942652329
12:54:00,0.6096591397849462,0.2791591397849462,0.8888182795698925
12:55:00,0.6096514336917562,0.2794247311827957,0.889076164874552
12:56:00,0.6096437275985663,0.27969032258064513,0.8893340501792115
12:57:00,0.6096360215053763,0.2799559139784946,0.8895919354838709
12:58:00,0.6096283154121864,0.28022150537634405,0.8898498207885305
12:59:00,0.6096206093189964,0.28048709677419353,0.89010770609319
13:00:00,0.6096129032258065,0.280752688172043,0.8903655913978494
13:01:00,0.6087770609318996,0.28100985663082434,0.8897869175627241
13:02:00,0.6079412186379929,0.2812670250896057,0.8892082437275985
13:03:00,0.607105376344086,0.2815241935483871,0.8886295698924731
13:04:00,0.6062695340501791,0.28178136200716847,0.8880508960573477
13:05:00,0.6054336917562724,0.2820385304659498,0.8874722222222221
13:06:00,0.6045978494623655,0.28229569892473116,0.8868935483870968
13:07:00,0.6037620071684588,0.28255286738351254,0.8863148745519713
13:08:00,0.602926164874552,0.2828100358422939,0.8857362007168459
13:09:00,0.6020903225806451,0.2830672043010753,0.8851575268817203
13:10:00,0.6012544802867383,0.2833243727598566,0.884578853046595
13:11:00,0.6004186379928315,0.28358154121863793,0.8840001792114696
13:12:00,0.5995827956989248,0.28383870967741937,0.8834215053763441
13:13:00,0.5987469534050179,0.2840958781362007,0.8828428315412186
13:14:00,0.5979111111111111,0.28435304659498206,0.8822641577060932
13:15:00,0.5970752688172043,0.28461021505376344,0.8816854838709678
13:16:00,0.5962394265232974,0.28486738351254476,0.8811068100358422
13:17:00,0.5954035842293907,0.28512455197132613,0.8805281362007168
13:18:00,0.5945677419354839,0.2853817204301075,0.8799494623655915
13:19:00,0.593731899641577,0.2856388888888889,0.8793707885304659
13:20:00,0.5928960573476703,0.2858960573476702,0.8787921146953405
13:21:00,0.5920602150537634,0.2861532258064516,0.878213440860215
13:22:00,0.5912243727598566,0.28641039426523296,0.8776347670250897
13:23:00,0.5903885304659497,0.28666756272401434,0.8770560931899641
13:24:00,0.589552688172043,0.28692473118279566,0.8764774193548387
13:25:00,0.5887168458781362,0.28718189964157703,0.8758987455197133
13:26:00,0.5878810035842293,0.2874390681003584,0.8753200716845877
13:27:00,0.5870451612903226,0.2876962365591398,0.8747413978494624
13:28:00,0.5862093189964157,0.2879534050179211,0.8741627240143369
13:29:00,0.5853734767025089,0.2882105734767025,0.8735840501792115
13:30:00,0.5845376344086022,0.28846774193548386,0.8730053763440859
13:31:00,0.5837017921146953,0.28872491039426523,0.8724267025089606
13:32:00,0.5828659498207885,0.28898207885304655,0.8718480286738352
13:33:00,0.5820301075268817,0.28923924731182793,0.8712693548387096
13:34:00,0.5811942652329749,0.2894964157706093,0.8706906810035842
13:35:00,0.580358422939068,0.2897535842293907,0.8701120071684588
13:36:00,0.5795225806451613,0.29001075268817206,0.8695333333333334
13:37:00,0.5786867383512545,0.2902679211469534,0.8689546594982078
13:38:00,0.5778508960573476,0.29052508960573475,0.8683759856630824
13:39:00,0.5770150537634409,0.29078225806451613,0.867797311827957
13:40:00,0.576179211469534,0.2910394265232975,0.8672186379928315
13:41:00,0.5753433691756272,0.2912965949820788,0.866639964157706
13:42:00,0.5745075268817205,0.2915537634408602,0.8660612903225806
13:43:00,0.5736716845878136,0.2918109318996416,0.8654826164874553
13:44:00,0.5728358422939068,0.29206810035842296,0.8649039426523297
13:45:00,0.572,0.2923252688172043,0.8643252688172043
13:46:00,0.5711641577060932,0.29258243727598565,0.8637465949820788
13:47:00,0.5703283154121863,0.292839605734767,0.8631679211469533
13:48:00,0.5694924731182796,0.2930967741935484,0.862589247311828
13:49:00,0.5686566308243728,0.2933539426523297,0.8620105734767025
13:50:00,0.5678207885304659,0.2936111111111111,0.861431899641577
13:51:00,0.5669849462365592,0.2938682795698925,0.8608532258064515
13:52:00,0.5661491039426523,0.2941254480286738,0.8602745519713262
13:53:00,0.5653132616487455,0.2943826164874552,0.8596958781362007
13:54:00,0.5644774193548387,0.29463978494623655,0.8591172043010752
13:55:00,0.5636415770609319,0.29489695340501787,0.8585385304659497
13:56:00,0.5628057347670251,0.29515412186379925,0.8579598566308244
13:57:00,0.5619698924731182,0.2954112903225806,0.857381182795699
13:58:00,0.5611340501792115,0.295668458781362,0.8568025089605734
13:59:00,0.5602982078853047,0.2959256272401433,0.856223835125448
14:00:00,0.5594623655913978,0.29618279569892475,0.8556451612903226
14:01:00,0.5579672043010753,0.2963892473118279,0.8543564516129033
14:02:00,0.5564720430107527,0.29659569892473114,0.853067741935484
14:03:00,0.5549768817204301,0.2968021505376344,0.8517790322580645
14:04:00,0.5534817204301075,0.2970086021505376,0.8504903225806452
14:05:00,0.5519865591397849,0.2972150537634408,0.8492016129032258
14:06:00,0.5504913978494624,0.2974215053763441,0.8479129032258065
14:07:00,0.5489962365591398,0.29762795698924727,0.8466241935483871
14:08:00,0.5475010752688172,0.29783440860215055,0.8453354838709678
14:09:00,0.5460059139784946,0.29804086021505377,0.8440467741935483
14:10:00,0.5445107526881721,0.298247311827957,0.842758064516129
14:11:00,0.5430155913978495,0.29845376344086016,0.8414693548387097
14:12:00,0.5415204301075268,0.2986602150537634,0.8401806451612902
14:13:00,0.5400252688172043,0.2988666666666666,0.8388919354838709
14:14:00,0.5385301075268817,0.29907311827956984,0.8376032258064515
14:15:00,0.5370349462365591,0.2992795698924731,0.8363145161290322
14:16:00,0.5355397849462366,0.2994860215053763,0.8350258064516128
14:17:00,0.534044623655914,0.29969247311827957,0.8337370967741935
14:18:00,0.5325494623655914,0.2998989247311828,0.8324483870967742
14:19:00,0.5310543010752689,0.300105376344086,0.8311596774193548
14:20:00,0.5295591397849463,0.30031182795698924,0.8298709677419355
14:21:00,0.5280639784946236,0.30051827956989247,0.8285822580645161
14:22:00,0.526568817204301,0.3007247311827957,0.8272935483870968
14:23:00,0.5250736559139785,0.3009311827956989,0.8260048387096774
14:24:00,0.5235784946236559,0.30113763440860214,0.8247161290322581
14:25:00,0.5220833333333333,0.30134408602150536,0.8234274193548387
14:26:00,0.5205881720430107,0.3015505376344086,0.8221387096774193
14:27:00,0.5190930107526882,0.3017569892473118,0.82085
14:28:00,0.5175978494623656,0.301963440860215,0.8195612903225806
14:29:00,0.516102688172043,0.30216989247311826,0.8182725806451613
14:30:00,0.5146075268817204,0.3023763440860215,0.8169838709677419
14:31:00,0.5131123655913978,0.3025827956989247,0.8156951612903226
14:32:00,0.5116172043010753,0.30278924731182794,0.8144064516129033
14:33:00,0.5101220430107527,0.30299569892473116,0.8131177419354839
14:34:00,0.5086268817204301,0.3032021505376344,0.8118290322580646
14:35:00,0.5071317204301075,0.3034086021505376,0.8105403225806452
14:36:00,0.505636559139785,0.3036150537634409,0.8092516129032259
14:37:00,0.5041413978494624,0.30382150537634406,0.8079629032258066
14:38:00,0.5026462365591398,0.3040279569892473,0.8066741935483871
14:39:00,0.5011510752688172,0.3042344086021505,0.8053854838709678
14:40:00,0.49965591397849457,0.30444086021505373,0.8040967741935483
14:41:00,0.49816075268817206,0.30464731182795696,0.8028080645161291
14:42:00,0.4966655913978495,0.3048537634408602,0.8015193548387096
14:43:00,0.49517043010752687,0.3050602150537634,0.8002306451612903
14:44:00,0.4936752688172043,0.30526666666666663,0.7989419354838709
14:45:00,0.49218010752688174,0.30547311827956986,0.7976532258064516
14:46:00,0.4906849462365591,0.3056795698924731,0.7963645161290323
14:47:00,0.48918978494623655,0.3058860215053763,0.7950758064516128
14:48:00,0.487694623655914,0.3060924731182796,0.7937870967741935
14:49:00,0.48619946236559136,0.30629892473118275,0.7924983870967741
14:50:00,0.48470430107526885,0.306505376344086,0.7912096774193548
14:51:00,0.4832091397849463,0.30671182795698926,0.7899209677419354
14:52:00,0.48171397849462366,0.3069182795698925,0.7886322580645161
14:53:00,0.4802188172043011,0.30712473118279565,0.7873435483870967
14:54:00,0.4787236559139785,0.3073311827956989,0.7860548387096774
14:55:00,0.4772284946236559,0.3075376344086021,0.7847661290322581
14:56:00,0.47573333333333334,0.3077440860215053,0.7834774193548387
14:57:00,0.4742381720430107,0.3079505376344086,0.7821887096774194
14:58:00,0.47274301075268815,0.3081569892473118,0.7809
14:59:00,0.47124784946236553,0.30836344086021505,0.7796112903225807
15:00:00,0.46975268817204296,0.3085698924731183,0.7783225806451612
15:01:00,0.46800734767025093,0.3086756272401433,0.7766829749103943
15:02:00,0.4662620071684588,0.30878136200716844,0.7750433691756272
15:03:00,0.46451666666666663,0.3088870967741935,0.7734037634408603
15:04:00,0.4627713261648746,0.3089928315412186,0.7717641577060932
15:05:00,0.46102598566308245,0.30909856630824367,0.7701245519713261
15:06:00,0.4592806451612903,0.3092043010752688,0.7684849462365592
15:07:00,0.4575353046594982,0.3093100358422939,0.7668453405017921
15:08:00,0.45578996415770606,0.30941577060931896,0.7652057347670251
15:09:00,0.45404462365591397,0.3095215053763441,0.7635661290322581
15:10:00,0.4522992831541219,0.3096272401433691,0.761926523297491
15:11:00,0.45055394265232973,0.30973297491039425,0.760286917562724
15:12:00,0.4488086021505376,0.30983870967741933,0.758647311827957
15:13:00,0.44706326164874555,0.3099444444444444,0.75700770609319
15:14:00,0.4453179211469534,0.3100501792114695,0.755368100358423
15:15:00,0.44357258064516125,0.3101559139784946,0.7537284946236559
15:16:00,0.4418272401433692,0.31026164874551965,0.7520888888888888
15:17:00,0.44008189964157707,0.3103673835125448,0.7504492831541218
15:18:00,0.4383365591397849,0.31047311827956986,0.7488096774193549
15:19:00,0.43659121863799283,0.31057885304659494,0.7471700716845878
15:20:00,0.4348458781362007,0.3106845878136201,0.7455304659498208
15:21:00,0.43310053763440864,0.31079032258064515,0.7438908602150537
15:22:00,0.4313551971326165,0.31089605734767023,0.7422512544802867
15:23:00,0.42960985663082435,0.3110017921146953,0.7406116487455198
15:24:00,0.4278645161290323,0.31110752688172044,0.7389720430107527
15:25:00,0.42611917562724017,0.31121326164874547,0.7373324372759856
15:26:00,0.424373835125448,0.3113189964157706,0.7356928315412186
15:27:00,0.4226284946236559,0.3114247311827957,0.7340532258064516
15:28:00,0.4208831541218638,0.31153046594982076,0.7324136200716846
15:29:00,0.4191378136200717,0.31163620071684583,0.7307740143369176
15:30:00,0.4173924731182796,0.31174193548387097,0.7291344086021505
15:31:00,0.41564713261648745,0.31184767025089605,0.7274948028673834
15:32:00,0.4139017921146953,0.3119534050179211,0.7258551971326164
15:33:00,0.41215645161290326,0.31205913978494626,0.7242155913978495
15:34:00,0.4104111111111111,0.3121648745519713,0.7225759856630825
15:35:00,0.40866577060931897,0.3122706093189964,0.7209363799283154
15:36:00,0.40692043010752693,0.3123763440860215,0.7192967741935483
15:37:00,0.4051750896057348,0.3124820788530466,0.7176571684587812
15:38:00,0.40342974910394264,0.31258781362007165,0.7160175627240143
15:39:00,0.40168440860215054,0.3126935483870968,0.7143779569892473
15:40:00,0.3999390681003584,0.3127992831541218,0.7127383512544803
15:41:00,0.39819372759856625,0.3129050179211469,0.7110987455197132
15:42:00,0.3964483870967742,0.313010752688172,0.7094591397849461
15:43:00,0.39470304659498207,0.3131164874551971,0.7078195340501793
15:44:00,0.3929577060931899,0.3132222222222222,0.7061799283154122
15:45:00,0.3912123655913979,0.3133279569892473,0.7045403225806451
15:46:00,0.38946702508960573,0.3134336917562724,0.7029007168458781
15:47:00,0.3877216845878136,0.31353942652329747,0.701261111111111
15:48:00,0.3859763440860215,0.3136451612903226,0.6996215053763442
15:49:00,0.3842310035842294,0.31375089605734763,0.6979818996415771
15:50:00,0.38248566308243725,0.3138566308243727,0.69634229390681
15:51:00,0.38074032258064516,0.31396236559139784,0.694702688172043
15:52:00,0.378994982078853,0.31406810035842286,0.6930630824372759
15:53:00,0.37724964157706087,0.314173835125448,0.691423476702509
15:54:00,0.37550430107526883,0.3142795698924731,0.689783870967742
15:55:00,0.3737589605734767,0.31438530465949815,0.6881442652329749
15:56:00,0.37201362007168454,0.3144910394265233,0.6865046594982078
15:57:00,0.3702682795698925,0.31459677419354837,0.6848650537634409
15:58:00,0.36852293906810035,0.31470250896057345,0.6832254480286738
15:59:00,0.3667775985663082,0.3148082437275986,0.6815858422939068
16:00:00,0.3650322580645161,0.31491397849462366,0.6799462365591398
16:01:00,0.3628528673835126,0.31494247311827955,0.6777953405017921
16:02:00,0.360673476702509,0.31497096774193545,0.6756444444444444
16:03:00,0.3584940860215054,0.3149994623655914,0.6734935483870967
16:04:00,0.3563146953405018,0.3150279569892473,0.6713426523297491
16:05:00,0.35413530465949816,0.3150564516129032,0.6691917562724015
16:06:00,0.3519559139784946,0.31508494623655914,0.6670408602150537
16:07:00,0.349776523297491,0.31511344086021503,0.6648899641577061
16:08:00,0.34759713261648745,0.315141935483871,0.6627390681003584
16:09:00,0.34541774193548386,0.3151704301075269,0.6605881720430108
16:10:00,0.34323835125448027,0.3151989247311828,0.6584372759856632
16:11:00,0.3410589605734767,0.31522741935483867,0.6562863799283154
16:12:00,0.3388795698924731,0.3152559139784946,0.6541354838709678
16:13:00,0.33670017921146955,0.3152844086021505,0.65198458781362
16:14:00,0.3345207885304659,0.3153129032258064,0.6498336917562724
16:15:00,0.33234139784946237,0.31534139784946236,0.6476827956989247
16:16:00,0.3301620071684587,0.31536989247311825,0.6455318996415771
16:17:00,0.3279826164874552,0.3153983870967742,0.6433810035842293
16:18:00,0.3258032258064516,0.3154268817204301,0.6412301075268817
16:19:00,0.323623835125448,0.315455376344086,0.6390792114695341
16:20:00,0.3214444444444444,0.3154838709677419,0.6369283154121864
16:21:00,0.31926505376344083,0.31551236559139784,0.6347774193548388
16:22:00,0.31708566308243724,0.31554086021505373,0.632626523297491
16:23:00,0.31490627240143365,0.3155693548387096,0.6304756272401434
16:24:00,0.31272688172043006,0.3155978494623656,0.6283247311827956
16:25:00,0.31054749103942647,0.31562634408602147,0.626173835125448
16:26:00,0.30836810035842294,0.3156548387096774,0.6240229390681004
16:27:00,0.30618870967741935,0.31568333333333337,0.6218720430107527
16:28:00,0.30400931899641576,0.3157118279569892,0.6197211469534051
16:29:00,0.30182992831541217,0.31574032258064516,0.6175702508960573
16:30:00,0.2996505376344086,0.31576881720430106,0.6154193548387097
16:31:00,0.297471146953405,0.31579731182795695,0.6132684587813619
16:32:00,0.2952917562724014,0.31582580645161284,0.6111175627240143
16:33:00,0.2931123655913978,0.3158543010752688,0.6089666666666667
16:34:00,0.29093297491039427,0.3158827956989247,0.606815770609319
16:35:00,0.2887535842293907,0.31591129032258064,0.6046648745519713
16:36:00,0.2865741935483871,0.3159397849462366,0.6025139784946236
16:37:00,0.28439480286738344,0.3159682795698925,0.600363082437276
16:38:00,0.2822154121863799,0.3159967741935484,0.5982121863799283
16:39:00,0.2800360215053763,0.3160252688172043,0.5960612903225807
16:40:00,0.27785663082437273,0.31605376344086017,0.593910394265233
16:41:00,0.27567724014336914,0.3160822580645161,0.5917594982078853
16:42:00,0.27349784946236555,0.316110752688172,0.5896086021505376
16:43:00,0.271318458781362,0.31613924731182796,0.5874577060931899
16:44:00,0.2691390681003584,0.31616774193548386,0.5853068100358423
16:45:00,0.26695967741935483,0.3161962365591398,0.5831559139784946
16:46:00,0.2647802867383512,0.3162247311827957,0.581005017921147
16:47:00,0.26260089605734765,0.3162532258064516,0.5788541218637993
16:48:00,0.26042150537634406,0.3162817204301075,0.5767032258064516
16:49:00,0.2582421146953405,0.3163102150537634,0.574552329749104
16:50:00,0.2560627240143369,0.31633870967741934,0.5724014336917563
16:51:00,0.2538833333333333,0.31636720430107523,0.5702505376344086
16:52:00,0.25170394265232976,0.3163956989247312,0.5680996415770609
16:53:00,0.24952455197132611,0.3164241935483871,0.5659487455197132
16:54:00,0.24734516129032258,0.31645268817204303,0.5637978494623656
16:55:00,0.24516577060931896,0.3164811827956989,0.5616469534050179
16:56:00,0.24298637992831537,0.3165096774193548,0.5594960573476703
16:57:00,0.2408069892473118,0.31653817204301077,0.5573451612903226
16:58:00,0.23862759856630822,0.31656666666666666,0.5551942652329749
16:59:00,0.23644820788530466,0.31659516129032256,0.5530433691756272
17:00:00,0.23426881720430107,0.3166236559139785,0.5508924731182795
17:01:00,0.2320933691756272,0.3168075268817204,0.5489008960573477
17:02:00,0.22991792114695336,0.31699139784946234,0.5469093189964158
17:03:00,0.22774247311827955,0.3171752688172043,0.5449177419354838
17:04:00,0.2255670250896057,0.31735913978494623,0.542926164874552
17:05:00,0.22339157706093188,0.31754301075268815,0.54093458781362
17:06:00,0.22121612903225807,0.3177268817204301,0.5389430107526881
17:07:00,0.2190406810035842,0.31791075268817204,0.5369514336917562
17:08:00,0.21686523297491037,0.31809462365591396,0.5349598566308243
17:09:00,0.21468978494623656,0.31827849462365587,0.5329682795698925
17:10:00,0.2125143369175627,0.31846236559139784,0.5309767025089606
17:11:00,0.21033888888888885,0.31864623655913976,0.5289851254480287
17:12:00,0.20816344086021504,0.31883010752688173,0.5269935483870968
17:13:00,0.20598799283154118,0.31901397849462365,0.5250019713261649
17:14:00,0.20381254480286737,0.31919784946236557,0.523010394265233
17:15:00,0.20163709677419356,0.31938172043010754,0.5210188172043011
17:16:00,0.1994616487455197,0.31956559139784946,0.5190272401433691
17:17:00,0.19728620071684586,0.3197494623655914,0.5170356630824373
17:18:00,0.19511075268817202,0.3199333333333333,0.5150440860215053
17:19:00,0.19293530465949818,0.32011720430107526,0.5130525089605735
17:20:00,0.19075985663082431,0.3203010752688172,0.5110609318996415
17:21:00,0.1885844086021505,0.32048494623655915,0.5090693548387096
17:22:00,0.18640896057347667,0.32066881720430107,0.5070777777777777
17:23:00,0.18423351254480286,0.320852688172043,0.5050862007168458
17:24:00,0.18205806451612902,0.32103655913978496,0.503094623655914
17:25:00,0.17988261648745515,0.3212204301075268,0.5011030465949821
17:26:00,0.17770716845878132,0.3214043010752688,0.49911146953405017
17:27:00,0.1755317204301075,0.3215881720430107,0.4971198924731183
17:28:00,0.17335627240143367,0.3217720430107527,0.4951283154121863
17:29:00,0.1711808243727598,0.3219559139784946,0.4931367383512545
17:30:00,0.169005376344086,0.3221397849462366,0.49114516129032254
17:31:00,0.16682992831541216,0.3223236559139785,0.48915358422939065
17:32:00,0.16465448028673832,0.3225075268817204,0.48716200716845875
17:33:00,0.1624790322580645,0.3226913978494623,0.48517043010752686
17:34:00,0.16030358422939064,0.32287526881720424,0.4831788530465949
17:35:00,0.1581281362007168,0.3230591397849462,0.4811872759856631
17:36:00,0.155952688172043,0.32324301075268813,0.47919569892473113
17:37:00,0.15377724014336913,0.3234268817204301,0.47720412186379924
17:38:00,0.1516017921146953,0.323610752688172,0.4752125448028674
17:39:00,0.14942634408602148,0.323794623655914,0.47322096774193545
17:40:00,0.14725089605734762,0.3239784946236559,0.47122939068100356
17:41:00,0.14507544802867378,0.3241623655913978,0.46923781362007166
17:42:00,0.14289999999999997,0.32434623655913974,0.46724623655913977
17:43:00,0.14072455197132613,0.32453010752688166,0.4652546594982078
17:44:00,0.1385491039426523,0.32471397849462363,0.463263082437276
17:45:00,0.1363736559139785,0.32489784946236555,0.46127150537634404
17:46:00,0.13419820788530462,0.3250817204301075,0.45927992831541214
17:47:00,0.13202275985663078,0.32526559139784944,0.4572883512544803
17:48:00,0.12984731182795697,0.3254494623655914,0.45529677419354836
17:49:00,0.1276718637992831,0.32563333333333333,0.4533051971326164
17:50:00,0.12549641577060927,0.32581720430107525,0.4513136200716846
17:51:00,0.12332096774193546,0.32600107526881716,0.4493220430107527
17:52:00,0.12114551971326161,0.3261849462365591,0.44733046594982073
17:53:00,0.11897007168458777,0.32636881720430105,0.4453388888888889
17:54:00,0.11679462365591395,0.32655268817204297,0.44334731182795695
17:55:00,0.11461917562724011,0.32673655913978494,0.44135573476702505
17:56:00,0.11244372759856627,0.32692043010752686,0.43936415770609316
17:57:00,0.11026827956989245,0.3271043010752688,0.43737258064516127
17:58:00,0.1080928315412186,0.32728817204301075,0.4353810035842293
17:59:00,0.10591738351254476,0.32747204301075267,0.4333894265232975
18:00:00,0.10374193548387096,0.32765591397849464,0.4313978494623656
18:01:00,0.1023444444444444,0.3280786738351254,0.4304231182795699
18:02:00,0.10094695340501789,0.3285014336917562,0.4294483870967742
18:03:00,0.09954946236559138,0.3289241935483871,0.4284736559139785
18:04:00,0.09815197132616482,0.32934695340501785,0.4274989247311828
18:05:00,0.0967544802867383,0.3297697132616487,0.4265241935483871
18:06:00,0.09535698924731181,0.33019247311827954,0.4255494623655914
18:07:00,0.09395949820788527,0.33061523297491036,0.4245747311827957
18:08:00,0.09256200716845875,0.3310379928315412,0.4236
18:09:00,0.09116451612903224,0.33146075268817204,0.4226252688172043
18:10:00,0.08976702508960568,0.33188351254480286,0.4216505376344086
18:11:00,0.08836953405017917,0.3323062724014337,0.4206758064516129
18:12:00,0.08697204301075268,0.3327290322580645,0.41970107526881717
18:13:00,0.08557455197132612,0.3331517921146953,0.4187263440860215
18:14:00,0.0841770609318996,0.3335745519713261,0.41775161290322577
18:15:00,0.0827795698924731,0.333997311827957,0.4167768817204301
18:16:00,0.08138207885304655,0.3344200716845878,0.41580215053763436
18:17:00,0.07998458781362003,0.3348428315412186,0.4148274193548387
18:18:00,0.07858709677419354,0.33526559139784945,0.413852688172043
18:19:00,0.07718960573476698,0.33568835125448027,0.4128779569892473
18:20:00,0.07579211469534046,0.3361111111111111,0.41190322580645156
18:21:00,0.07439462365591397,0.3365338709677419,0.4109284946236559
18:22:00,0.07299713261648741,0.33695663082437277,0.40995376344086015
18:23:00,0.07159964157706089,0.33737939068100353,0.4089790322580645
18:24:00,0.0702021505376344,0.3378021505376344,0.40800430107526886
18:25:00,0.06880465949820784,0.33822491039426517,0.4070295698924731
18:26:00,0.06740716845878132,0.33864767025089604,0.40605483870967746
18:27:00,0.06600967741935482,0.33907043010752685,0.40508010752688167
18:28:00,0.06461218637992827,0.33949318996415767,0.40410537634408605
18:29:00,0.06321469534050175,0.3399159498207885,0.40313064516129027
18:30:00,0.061817204301075256,0.34033870967741936,0.40215591397849465
18:31:00,0.060419713261648696,0.3407614695340501,0.4011811827956989
18:32:00,0.05902222222222218,0.341184229390681,0.40020645161290325
18:33:00,0.05762473118279568,0.3416069892473118,0.3992317204301075
18:34:00,0.05622724014336913,0.3420297491039426,0.39825698924731184
18:35:00,0.054829749103942615,0.34245250896057344,0.3972822580645161
18:36:00,0.05343225806451611,0.3428752688172043,0.39630752688172044
18:37:00,0.05203476702508956,0.3432980286738351,0.3953327956989247
18:38:00,0.05063727598566304,0.34372078853046595,0.39435806451612904
18:39:00,0.04923978494623653,0.34414354838709676,0.3933833333333333
18:40:00,0.04784229390680999,0.3445663082437276,0.39240860215053763
18:41:00,0.046444802867383464,0.3449890681003584,0.3914338709677419
18:42:00,0.04504731182795696,0.34541182795698927,0.39045913978494623
18:43:00,0.04364982078853042,0.34583458781362003,0.3894844086021505
18:44:00,0.042252329749103895,0.34625734767025085,0.3885096774193548
18:45:00,0.040854838709677384,0.3466801075268817,0.3875349462365591
18:46:00,0.039457347670250845,0.34710286738351254,0.3865602150537634
18:47:00,0.03805985663082433,0.34752562724014335,0.3855854838709677
18:48:00,0.036662365591397815,0.3479483870967742,0.384610752688172
18:49:00,0.035264874551971276,0.348371146953405,0.3836360215053763
18:50:00,0.03386738351254476,0.3487939068100358,0.3826612903225806
18:51:00,0.03246989247311825,0.3492166666666667,0.38168655913978494
18:52:00,0.031072401433691707,0.3496394265232975,0.3807118279569892
18:53:00,0.029674910394265185,0.3500621863799283,0.3797370967741935
18:54:00,0.02827741935483868,0.3504849462365592,0.3787623655913978
18:55:00,0.026879928315412135,0.35090770609318994,0.3777876344086021
18:56:00,0.02548243727598562,0.35133046594982076,0.3768129032258064
18:57:00,0.0240849462365591,0.3517532258064516,0.3758381720430108
18:58:00,0.022687455197132566,0.35217598566308245,0.374863440860215
18:59:00,0.021289964157706048,0.35259874551971326,0.3738887096774194
19:00:00,0.01989247311827957,0.35302150537634414,0.37291397849462365
19:01:00,0.019562007168458746,0.3535215053763441,0.3730835125448028
19:02:00,0.019231541218637963,0.3540215053763441,0.3732530465949821
19:03:00,0.01890107526881719,0.3545215053763441,0.37342258064516126
19:04:00,0.018570609318996383,0.355021505376344,0.37359211469534054
19:05:00,0.01824014336917559,0.3555215053763441,0.3737616487455197
19:06:00,0.017909677419354827,0.3560215053763441,0.37393118279569887
19:07:00,0.017579211469534017,0.35652150537634403,0.3741007168458781
19:08:00,0.017248745519713234,0.35702150537634403,0.37427025089605737
19:09:00,0.016918279569892468,0.3575215053763441,0.37443978494623653
19:10:00,0.016587813620071657,0.3580215053763441,0.3746093189964157
19:11:00,0.01625734767025087,0.35852150537634403,0.374778853046595
19:12:00,0.015926881720430105,0.35902150537634403,0.37494838709677414
19:13:00,0.015596415770609285,0.3595215053763441,0.37511792114695336
19:14:00,0.015265949820788499,0.3600215053763441,0.37528745519713264
19:15:00,0.014935483870967728,0.3605215053763441,0.3754569892473118
19:16:00,0.014605017921146927,0.36102150537634403,0.37562652329749097
19:17:00,0.01427455197132613,0.36152150537634403,0.37579605734767024
19:18:00,0.013944086021505363,0.3620215053763441,0.3759655913978494
19:19:00,0.013613620071684552,0.36252150537634403,0.3761351254480287
19:20:00,0.01328315412186377,0.36302150537634403,0.37630465949820785
19:21:00,0.012952688172042991,0.36352150537634403,0.37647419354838707
19:22:00,0.012622222222222193,0.3640215053763441,0.37664372759856635
19:23:00,0.012291756272401396,0.3645215053763441,0.3768132616487455
19:24:00,0.011961290322580627,0.3650215053763441,0.3769827956989247
19:25:00,0.01163082437275982,0.36552150537634404,0.37715232974910395
19:26:00,0.01130035842293903,0.3660215053763441,0.3773218637992831
19:27:00,0.010969892473118253,0.3665215053763441,0.37749139784946234
19:28:00,0.010639426523297461,0.36702150537634404,0.3776609318996416
19:29:00,0.01030896057347667,0.36752150537634404,0.3778304659498208
19:30:00,0.009978494623655914,0.3680215053763441,0.37799999999999995
19:31:00,0.009648028673835097,0.3685215053763441,0.3781695340501792
19:32:00,0.009317562724014303,0.36902150537634404,0.3783390681003584
19:33:00,0.008987096774193536,0.36952150537634404,0.3785086021505376
19:34:00,0.008656630824372728,0.3700215053763441,0.37867813620071683
19:35:00,0.008326164874551942,0.3705215053763441,0.37884767025089605
19:36:00,0.007995698924731157,0.3710215053763441,0.3790172043010752
19:37:00,0.007665232974910365,0.37152150537634404,0.37918673835125444
19:38:00,0.007334767025089575,0.3720215053763441,0.37935627240143366
19:39:00,0.007004301075268789,0.3725215053763441,0.3795258064516129
19:40:00,0.0066738351254480004,0.37302150537634404,0.3796953405017921
19:41:00,0.006343369175627201,0.37352150537634404,0.3798648745519713
19:42:00,0.006012903225806432,0.3740215053763441,0.3800344086021505
19:43:00,0.005682437275985632,0.3745215053763441,0.38020394265232976
19:44:00,0.00535197132616484,0.37502150537634404,0.38037347670250893
19:45:00,0.005021505376344063,0.37552150537634404,0.38054301075268815
19:46:00,0.004691039426523266,0.3760215053763441,0.38071254480286737
19:47:00,0.004360573476702474,0.3765215053763441,0.3808820788530466
19:48:00,0.004030107526881675,0.37702150537634405,0.38105161290322576
19:49:00,0.0036996415770608943,0.37752150537634405,0.38122114695340503
19:50:00,0.0033691756272401043,0.37802150537634405,0.3813906810035842
19:51:00,0.003038709677419311,0.3785215053763441,0.3815602150537634
19:52:00,0.0027082437275985204,0.37902150537634405,0.38172974910394264
19:53:00,0.0023777777777777417,0.37952150537634405,0.38189928315412186
19:54:00,0.002047311827956945,0.38002150537634405,0.382068817204301
19:55:00,0.0017168458781361639,0.3805215053763441,0.3822383512544803
19:56:00,0.0013863799283153726,0.38102150537634405,0.38240788530465947
19:57:00,0.0010559139784945947,0.38152150537634405,0.38257741935483874
19:58:00,0.0007254480286737939,0.38202150537634405,0.3827469534050179
19:59:00,0.000394982078853019,0.3825215053763441,0.38291648745519713
20:00:00,6.451612903225807e-05,0.3830215053763441,0.38308602150537635
20:01:00,6.344086021505162e-05,0.3830301075268817,0.38309354838709675
20:02:00,6.236559139784623e-05,0.3830387096774193,0.3831010752688172
20:03:00,6.129032258064517e-05,0.3830473118279569,0.38310860215053766
20:04:00,6.0215053763438714e-05,0.3830559139784946,0.383116129032258
20:05:00,5.913978494623333e-05,0.38306451612903225,0.38312365591397846
20:06:00,5.806451612903226e-05,0.38307311827956986,0.3831311827956989
20:07:00,5.69892473118258e-05,0.38308172043010746,0.3831387096774193
20:08:00,5.5913978494620424e-05,0.3830903225806451,0.38314623655913976
20:09:00,5.483870967741935e-05,0.3830989247311828,0.3831537634408602
20:10:00,5.37634408602129e-05,0.3831075268817204,0.38316129032258067
20:11:00,5.268817204300753e-05,0.383116129032258,0.383168817204301
20:12:00,5.161290322580646e-05,0.3831247311827957,0.38317634408602147
20:13:00,5.0537634408599995e-05,0.3831333333333333,0.3831838709677419
20:14:00,4.946236559139462e-05,0.38314193548387093,0.3831913978494624
20:15:00,4.8387096774193554e-05,0.38315053763440865,0.38319892473118283
20:16:00,4.73118279569871e-05,0.38315913978494626,0.3832064516129032
20:17:00,4.623655913978172e-05,0.38316774193548386,0.38321397849462363
20:18:00,4.516129032258064e-05,0.38317634408602147,0.3832215053763441
20:19:00,4.4086021505374194e-05,0.3831849462365591,0.3832290322580645
20:20:00,4.3010752688168815e-05,0.3831935483870968,0.38323655913978494
20:21:00,4.193548387096774e-05,0.3832021505376344,0.3832440860215054
20:22:00,4.086021505376129e-05,0.383210752688172,0.38325161290322574
20:23:00,3.978494623655592e-05,0.3832193548387096,0.3832591397849462
20:24:00,3.8709677419354835e-05,0.38322795698924733,0.38326666666666664
20:25:00,3.7634408602148385e-05,0.38323655913978494,0.3832741935483871
20:26:00,3.6559139784943013e-05,0.38324516129032254,0.3832817204301075
20:27:00,3.548387096773656e-05,0.3832537634408602,0.38328924731182795
20:28:00,3.440860215053548e-05,0.38326236559139787,0.3832967741935484
20:29:00,3.333333333333011e-05,0.3832709677419355,0.38330430107526875
20:30:00,3.2258064516129034e-05,0.3832795698924731,0.3833118279569892
20:31:00,3.118279569892258e-05,0.38328817204301074,0.38331935483870966
20:32:00,3.0107526881717202e-05,0.3832967741935484,0.3833268817204301
20:33:00,2.903225806451613e-05,0.383305376344086,0.38333440860215057
20:34:00,2.7956989247309677e-05,0.3833139784946236,0.3833419354838709
20:35:00,2.68817204301043e-05,0.3833225806451613,0.38334946236559136
20:36:00,2.5806451612897845e-05,0.3833311827956989,0.3833569892473118
20:37:00,2.4731182795696776e-05,0.38333978494623655,0.3833645161290322
20:38:00,2.3655913978491397e-05,0.38334838709677416,0.38337204301075267
20:39:00,2.2580645161284945e-05,0.3833569892473118,0.3833795698924731
20:40:00,2.150537634408387e-05,0.3833655913978494,0.3833870967741936
20:41:00,2.0430107526878497e-05,0.3833741935483871,0.3833946236559139
20:42:00,1.9354838709677417e-05,0.3833827956989247,0.3834021505376344
20:43:00,1.8279569892470968e-05,0.38339139784946236,0.38340967741935483
20:44:00,1.7204301075265593e-05,0.38339999999999996,0.38341720430107523
20:45:00,1.6129032258064517e-05,0.38340860215053757,0.3834247311827957
20:46:00,1.5053763440858062e-05,0.38341720430107523,0.3834322580645161
20:47:00,1.3978494623652689e-05,0.3834258064516129,0.38343978494623654
20:48:00,1.2903225806446236e-05,0.3834344086021505,0.383447311827957
20:49:00,1.182795698924516e-05,0.3834430107526881,0.3834548387096774
20:50:00,1.0752688172039785e-05,0.3834516129032258,0.38346236559139785
20:51:00,9.677419354833333e-06,0.38346021505376343,0.3834698924731183
20:52:00,8.602150537632258e-06,0.38346881720430104,0.38347741935483864
20:53:00,7.526881720426881e-06,0.38347741935483864,0.3834849462365591
20:54:00,6.451612903224729e-06,0.38348602150537636,0.38349247311827955
20:55:00,5.376344086020785e-06,0.38349462365591397,0.3835
20:56:00,4.301075268816847e-06,0.3835032258064516,0.3835075268817204
20:57:00,3.225806451612904e-06,0.3835118279569892,0.38351505376344086
20:58:00,2.150537634408603e-06,0.3835204301075269,0.3835225806451613
20:59:00,1.0752688172042946e-06,0.3835290322580645,0.38353010752688166
21:00:00,0.0,0.3835376344086021,0.3835376344086021
21:01:00,0.0,0.38334892473118276,0.38334892473118276
21:02:00,0.0,0.3831602150537634,0.3831602150537634
21:03:00,0.0,0.38297150537634406,0.38297150537634406
21:04:00,0.0,0.3827827956989247,0.3827827956989247
21:05:00,0.0,0.38259408602150535,0.38259408602150535
21:06:00,0.0,0.382405376344086,0.382405376344086
21:07:00,0.0,0.38221666666666665,0.38221666666666665
21:08:00,0.0,0.3820279569892473,0.3820279569892473
21:09:00,0.0,0.38183924731182795,0.38183924731182795
21:10:00,0.0,0.3816505376344086,0.3816505376344086
21:11:00,0.0,0.38146182795698924,0.38146182795698924
21:12:00,0.0,0.3812731182795699,0.3812731182795699
21:13:00,0.0,0.38108440860215054,0.38108440860215054
21:14:00,0.0,0.38089569892473113,0.38089569892473113
21:15:00,0.0,0.3807069892473118,0.3807069892473118
21:16:00,0.0,0.3805182795698924,0.3805182795698924
21:17:00,0.0,0.3803295698924731,0.3803295698924731
21:18:00,0.0,0.3801408602150537,0.3801408602150537
21:19:00,0.0,0.37995215053763437,0.37995215053763437
21:20:00,0.0,0.379763440860215,0.379763440860215
21:21:00,0.0,0.37957473118279567,0.37957473118279567
21:22:00,0.0,0.3793860215053763,0.3793860215053763
21:23:00,0.0,0.37919731182795696,0.37919731182795696
21:24:00,0.0,0.3790086021505376,0.3790086021505376
21:25:00,0.0,0.37881989247311826,0.37881989247311826
21:26:00,0.0,0.3786311827956989,0.3786311827956989
21:27:00,0.0,0.37844247311827955,0.37844247311827955
21:28:00,0.0,0.3782537634408602,0.3782537634408602
21:29:00,0.0,0.37806505376344085,0.37806505376344085
21:30:00,0.0,0.3778763440860215,0.3778763440860215
21:31:00,0.0,0.37768763440860215,0.37768763440860215
21:32:00,0.0,0.3774989247311828,0.3774989247311828
21:33:00,0.0,0.37731021505376344,0.37731021505376344
21:34:00,0.0,0.3771215053763441,0.3771215053763441
21:35:00,0.0,0.37693279569892474,0.37693279569892474
21:36:00,0.0,0.3767440860215054,0.3767440860215054
21:37:00,0.0,0.376555376344086,0.376555376344086
21:38:00,0.0,0.3763666666666666,0.3763666666666666
21:39:00,0.0,0.3761779569892473,0.3761779569892473
21:40:00,0.0,0.3759892473118279,0.3759892473118279
21:41:00,0.0,0.37580053763440857,0.37580053763440857
21:42:00,0.0,0.3756118279569892,0.3756118279569892
21:43:00,0.0,0.37542311827956987,0.37542311827956987
21:44:00,0.0,0.3752344086021505,0.3752344086021505
21:45:00,0.0,0.37504569892473116,0.37504569892473116
21:46:00,0.0,0.3748569892473118,0.3748569892473118
21:47:00,0.0,0.37466827956989246,0.37466827956989246
21:48:00,0.0,0.3744795698924731,0.3744795698924731
21:49:00,0.0,0.37429086021505376,0.37429086021505376
21:50:00,0.0,0.3741021505376344,0.3741021505376344
21:51:00,0.0,0.37391344086021505,0.37391344086021505
21:52:00,0.0,0.3737247311827957,0.3737247311827957
21:53:00,0.0,0.37353602150537635,0.37353602150537635
21:54:00,0.0,0.373347311827957,0.373347311827957
21:55:00,0.0,0.37315860215053764,0.37315860215053764
21:56:00,0.0,0.3729698924731183,0.3729698924731183
21:57:00,0.0,0.37278118279569894,0.37278118279569894
21:58:00,0.0,0.3725924731182796,0.3725924731182796
21:59:00,0.0,0.37240376344086024,0.37240376344086024
22:00:00,0.0,0.3722150537634409,0.3722150537634409
22:01:00,0.0,0.372066129032258,0.372066129032258
22:02:00,0.0,0.3719172043010752,0.3719172043010752
22:03:00,0.0,0.37176827956989245,0.37176827956989245
22:04:00,0.0,0.37161935483870967,0.37161935483870967
22:05:00,0.0,0.37147043010752684,0.37147043010752684
22:06:00,0.0,0.37132150537634406,0.37132150537634406
22:07:00,0.0,0.3711725806451613,0.3711725806451613
22:08:00,0.0,0.37102365591397846,0.37102365591397846
22:09:00,0.0,0.3708747311827957,0.3708747311827957
22:10:00,0.0,0.3707258064516129,0.3707258064516129
22:11:00,0.0,0.37057688172043013,0.37057688172043013
22:12:00,0.0,0.3704279569892473,0.3704279569892473
22:13:00,0.0,0.3702790322580645,0.3702790322580645
22:14:00,0.0,0.37013010752688175,0.37013010752688175
22:15:00,0.0,0.36998118279569897,0.36998118279569897
22:16:00,0.0,0.3698322580645161,0.3698322580645161
22:17:00,0.0,0.3696833333333333,0.3696833333333333
22:18:00,0.0,0.36953440860215053,0.36953440860215053
22:19:00,0.0,0.3693854838709677,0.3693854838709677
22:20:00,0.0,0.3692365591397849,0.3692365591397849
22:21:00,0.0,0.36908763440860215,0.36908763440860215
22:22:00,0.0,0.3689387096774193,0.3689387096774193
22:23:00,0.0,0.36878978494623654,0.36878978494623654
22:24:00,0.0,0.36864086021505377,0.36864086021505377
22:25:00,0.0,0.36849193548387094,0.36849193548387094
22:26:00,0.0,0.36834301075268816,0.36834301075268816
22:27:00,0.0,0.3681940860215054,0.3681940860215054
22:28:00,0.0,0.3680451612903226,0.3680451612903226
22:29:00,0.0,0.3678962365591397,0.3678962365591397
22:30:00,0.0,0.36774731182795695,0.36774731182795695
22:31:00,0.0,0.36759838709677417,0.36759838709677417
22:32:00,0.0,0.36744946236559134,0.36744946236559134
22:33:00,0.0,0.36730053763440856,0.36730053763440856
22:34:00,0.0,0.3671516129032258,0.3671516129032258
22:35:00,0.0,0.36700268817204296,0.36700268817204296
22:36:00,0.0,0.3668537634408602,0.3668537634408602
22:37:00,0.0,0.3667048387096774,0.3667048387096774
22:38:00,0.0,0.36655591397849463,0.36655591397849463
22:39:00,0.0,0.3664069892473118,0.3664069892473118
22:40:00,0.0,0.366258064516129,0.366258064516129
22:41:00,0.0,0.36610913978494625,0.36610913978494625
22:42:00,0.0,0.36596021505376347,0.36596021505376347
22:43:00,0.0,0.3658112903225806,0.3658112903225806
22:44:00,0.0,0.36566236559139786,0.36566236559139786
22:45:00,0.0,0.3655134408602151,0.3655134408602151
22:46:00,0.0,0.3653645161290322,0.3653645161290322
22:47:00,0.0,0.3652155913978494,0.3652155913978494
22:48:00,0.0,0.36506666666666665,0.36506666666666665
22:49:00,0.0,0.3649177419354838,0.3649177419354838
22:50:00,0.0,0.36476881720430104,0.36476881720430104
22:51:00,0.0,0.36461989247311827,0.36461989247311827
22:52:00,0.0,0.3644709677419355,0.3644709677419355
22:53:00,0.0,0.36432204301075266,0.36432204301075266
22:54:00,0.0,0.3641731182795699,0.3641731182795699
22:55:00,0.0,0.3640241935483871,0.3640241935483871
22:56:00,0.0,0.3638752688172043,0.3638752688172043
22:57:00,0.0,0.3637263440860215,0.3637263440860215
22:58:00,0.0,0.3635774193548387,0.3635774193548387
22:59:00,0.0,0.36342849462365595,0.36342849462365595
23:00:00,0.0,0.36327956989247306,0.36327956989247306
23:01:00,0.0,0.36415887681159415,0.36415887681159415
23:02:00,0.0,0.3639916666666666,0.3639916666666666
23:03:00,0.0,0.3638244565217391,0.3638244565217391
23:04:00,0.0,0.36365724637681157,0.36365724637681157
23:05:00,0.0,0.36349003623188403,0.36349003623188403
23:06:00,0.0,0.3633228260869565,0.3633228260869565
23:07:00,0.0,0.363155615942029,0.363155615942029
23:08:00,0.0,0.36298840579710145,0.36298840579710145
23:09:00,0.0,0.3628211956521739,0.3628211956521739
23:10:00,0.0,0.3626539855072463,0.3626539855072463
23:11:00,0.0,0.3624867753623188,0.3624867753623188
23:12:00,0.0,0.3623195652173913,0.3623195652173913
23:13:00,0.0,0.36215235507246374,0.36215235507246374
23:14:00,0.0,0.36198514492753625,0.36198514492753625
23:15:00,0.0,0.3618179347826087,0.3618179347826087
23:16:00,0.0,0.3616507246376811,0.3616507246376811
23:17:00,0.0,0.36148351449275357,0.36148351449275357
23:18:00,0.0,0.361316304347826,0.361316304347826
23:19:00,0.0,0.36114909420289854,0.36114909420289854
23:20:00,0.0,0.360981884057971,0.360981884057971
23:21:00,0.0,0.36081467391304345,0.36081467391304345
23:22:00,0.0,0.36064746376811596,0.36064746376811596
23:23:00,0.0,0.3604802536231884,0.3604802536231884
23:24:00,0.0,0.3603130434782609,0.3603130434782609
23:25:00,0.0,0.3601458333333333,0.3601458333333333
23:26:00,0.0,0.35997862318840573,0.35997862318840573
23:27:00,0.0,0.35981141304347825,0.35981141304347825
23:28:00,0.0,0.3596442028985507,0.3596442028985507
23:29:00,0.0,0.35947699275362316,0.35947699275362316
23:30:00,0.0,0.35930978260869567,0.35930978260869567
23:31:00,0.0,0.35914257246376813,0.35914257246376813
23:32:00,0.0,0.35897536231884053,0.35897536231884053
23:33:00,0.0,0.3588081521739131,0.3588081521739131
23:34:00,0.0,0.35864094202898544,0.35864094202898544
23:35:00,0.0,0.35847373188405796,0.35847373188405796
23:36:00,0.0,0.3583065217391304,0.3583065217391304
23:37:00,0.0,0.35813931159420287,0.35813931159420287
23:38:00,0.0,0.3579721014492754,0.3579721014492754
23:39:00,0.0,0.35780489130434784,0.35780489130434784
23:40:00,0.0,0.35763768115942024,0.35763768115942024
23:41:00,0.0,0.3574704710144927,0.3574704710144927
23:42:00,0.0,0.35730326086956515,0.35730326086956515
23:43:00,0.0,0.35713605072463767,0.35713605072463767
23:44:00,0.0,0.3569688405797101,0.3569688405797101
23:45:00,0.0,0.3568016304347826,0.3568016304347826
23:46:00,0.0,0.3566344202898551,0.3566344202898551
23:47:00,0.0,0.35646721014492755,0.35646721014492755
23:48:00,0.0,0.3563,0.3563
23:49:00,0.0,0.3561327898550724,0.3561327898550724
23:50:00,0.0,0.3559655797101449,0.3559655797101449
23:51:00,0.0,0.3557983695652174,0.3557983695652174
23:52:00,0.0,0.35563115942028983,0.35563115942028983
23:53:00,0.0,0.3554639492753623,0.3554639492753623
23:54:00,0.0,0.3552967391304348,0.3552967391304348
23:55:00,0.0,0.35512952898550726,0.35512952898550726
23:56:00,0.0,0.35496231884057966,0.35496231884057966
23:57:00,0.0,0.3547951086956521,0.3547951086956521
23:58:00,0.0,0.35462789855072463,0.35462789855072463
23:59:00,0.0,0.3544606884057971,0.3544606884057971
